postal_code,name,municipality,prefecture,periphery,type
10431,ΑΘΗΝΑ,ΑΘΗΝΑΙΩΝ,ΑΘΗΝΩΝ,ΑΤΤΙΚΗΣ,ΠΡΩΤ. ΧΩΡΑΣ
10432,ΑΘΗΝΑ,ΑΘΗΝΑΙΩΝ,ΑΘΗΝΩΝ,ΑΤΤΙΚΗΣ,ΠΡΩΤ. ΧΩΡΑΣ
10433,ΑΘΗΝΑ,ΑΘΗΝΑΙΩΝ,ΑΘΗΝΩΝ,ΑΤΤΙΚΗΣ,ΠΡΩΤ. ΧΩΡΑΣ
10434,ΑΘΗΝΑ,ΑΘΗΝΑΙΩΝ,ΑΘΗΝΩΝ,ΑΤΤΙΚΗΣ,ΠΡΩΤ. ΧΩΡΑΣ
10435,ΑΘΗΝΑ,ΑΘΗΝΑΙΩΝ,ΑΘΗΝΩΝ,ΑΤΤΙΚΗΣ,ΠΡΩΤ. ΧΩΡΑΣ
10436,ΑΘΗΝΑ,ΑΘΗΝΑΙΩΝ,ΑΘΗΝΩΝ,ΑΤΤΙΚΗΣ,ΠΡΩΤ. ΧΩΡΑΣ
10437,ΑΘΗΝΑ,ΑΘΗΝΑΙΩΝ,ΑΘΗΝΩΝ,ΑΤΤΙΚΗΣ,ΠΡΩΤ. ΧΩΡΑΣ
10438,ΑΘΗΝΑ,ΑΘΗΝΑΙΩΝ,ΑΘΗΝΩΝ,ΑΤΤΙΚΗΣ,ΠΡΩΤ. ΧΩΡΑΣ
10439,ΑΘΗΝΑ,ΑΘΗΝΑΙΩΝ,ΑΘΗΝΩΝ,ΑΤΤΙΚΗΣ,ΠΡΩΤ. ΧΩΡΑΣ
10440,ΑΘΗΝΑ,ΑΘΗΝΑΙΩΝ,ΑΘΗΝΩΝ,ΑΤΤΙΚΗΣ,ΠΡΩΤ. ΧΩΡΑΣ
10441,ΑΘΗΝΑ,ΑΘΗΝΑΙΩΝ,ΑΘΗΝΩΝ,ΑΤΤΙΚΗΣ,ΠΡΩΤ. ΧΩΡΑΣ
10442,ΑΘΗΝΑ,ΑΘΗΝΑΙΩΝ,ΑΘΗΝΩΝ,ΑΤΤΙΚΗΣ,ΠΡΩΤ. ΧΩΡΑΣ
10443,ΑΘΗΝΑ,ΑΘΗΝΑΙΩΝ,ΑΘΗΝΩΝ,ΑΤΤΙΚΗΣ,ΠΡΩΤ. ΧΩΡΑΣ
10444,ΑΘΗΝΑ,ΑΘΗΝΑΙΩΝ,ΑΘΗΝΩΝ,ΑΤΤΙΚΗΣ,ΠΡΩΤ. ΧΩΡΑΣ
10445,ΑΘΗΝΑ,ΑΘΗΝΑΙΩΝ,ΑΘΗΝΩΝ,ΑΤΤΙΚΗΣ,ΠΡΩΤ. ΧΩΡΑΣ
10446,ΑΘΗΝΑ,ΑΘΗΝΑΙΩΝ,ΑΘΗΝΩΝ,ΑΤΤΙΚΗΣ,ΠΡΩΤ. ΧΩΡΑΣ
10447,ΑΘΗΝΑ,ΑΘΗΝΑΙΩΝ,ΑΘΗΝΩΝ,ΑΤΤΙΚΗΣ,ΠΡΩΤ. ΧΩΡΑΣ
10551,ΑΘΗΝΑ,ΑΘΗΝΑΙΩΝ,ΑΘΗΝΩΝ,ΑΤΤΙΚΗΣ,ΠΡΩΤ. ΧΩΡΑΣ
10552,ΑΘΗΝΑ,ΑΘΗΝΑΙΩΝ,ΑΘΗΝΩΝ,ΑΤΤΙΚΗΣ,ΠΡΩΤ. ΧΩΡΑΣ
10553,ΑΘΗΝΑ,ΑΘΗΝΑΙΩΝ,ΑΘΗΝΩΝ,ΑΤΤΙΚΗΣ,ΠΡΩΤ. ΧΩΡΑΣ
10554,ΑΘΗΝΑ,ΑΘΗΝΑΙΩΝ,ΑΘΗΝΩΝ,ΑΤΤΙΚΗΣ,ΠΡΩΤ. ΧΩΡΑΣ
10555,ΑΘΗΝΑ,ΑΘΗΝΑΙΩΝ,ΑΘΗΝΩΝ,ΑΤΤΙΚΗΣ,ΠΡΩΤ. ΧΩΡΑΣ
10556,ΑΘΗΝΑ,ΑΘΗΝΑΙΩΝ,ΑΘΗΝΩΝ,ΑΤΤΙΚΗΣ,ΠΡΩΤ. ΧΩΡΑΣ
10557,ΑΘΗΝΑ,ΑΘΗΝΑΙΩΝ,ΑΘΗΝΩΝ,ΑΤΤΙΚΗΣ,ΠΡΩΤ. ΧΩΡΑΣ
10558,ΑΘΗΝΑ,ΑΘΗΝΑΙΩΝ,ΑΘΗΝΩΝ,ΑΤΤΙΚΗΣ,ΠΡΩΤ. ΧΩΡΑΣ
10559,ΑΘΗΝΑ,ΑΘΗΝΑΙΩΝ,ΑΘΗΝΩΝ,ΑΤΤΙΚΗΣ,ΠΡΩΤ. ΧΩΡΑΣ
10560,ΑΘΗΝΑ,ΑΘΗΝΑΙΩΝ,ΑΘΗΝΩΝ,ΑΤΤΙΚΗΣ,ΠΡΩΤ. ΧΩΡΑΣ
10561,ΑΘΗΝΑ,ΑΘΗΝΑΙΩΝ,ΑΘΗΝΩΝ,ΑΤΤΙΚΗΣ,ΠΡΩΤ. ΧΩΡΑΣ
10562,ΑΘΗΝΑ,ΑΘΗΝΑΙΩΝ,ΑΘΗΝΩΝ,ΑΤΤΙΚΗΣ,ΠΡΩΤ. ΧΩΡΑΣ
10563,ΑΘΗΝΑ,ΑΘΗΝΑΙΩΝ,ΑΘΗΝΩΝ,ΑΤΤΙΚΗΣ,ΠΡΩΤ. ΧΩΡΑΣ
10564,ΑΘΗΝΑ,ΑΘΗΝΑΙΩΝ,ΑΘΗΝΩΝ,ΑΤΤΙΚΗΣ,ΠΡΩΤ. ΧΩΡΑΣ
10671,ΑΘΗΝΑ,ΑΘΗΝΑΙΩΝ,ΑΘΗΝΩΝ,ΑΤΤΙΚΗΣ,ΠΡΩΤ. ΧΩΡΑΣ
10672,ΑΘΗΝΑ,ΑΘΗΝΑΙΩΝ,ΑΘΗΝΩΝ,ΑΤΤΙΚΗΣ,ΠΡΩΤ. ΧΩΡΑΣ
10673,ΑΘΗΝΑ,ΑΘΗΝΑΙΩΝ,ΑΘΗΝΩΝ,ΑΤΤΙΚΗΣ,ΠΡΩΤ. ΧΩΡΑΣ
10674,ΑΘΗΝΑ,ΑΘΗΝΑΙΩΝ,ΑΘΗΝΩΝ,ΑΤΤΙΚΗΣ,ΠΡΩΤ. ΧΩΡΑΣ
10675,ΑΘΗΝΑ,ΑΘΗΝΑΙΩΝ,ΑΘΗΝΩΝ,ΑΤΤΙΚΗΣ,ΠΡΩΤ. ΧΩΡΑΣ
10676,ΑΘΗΝΑ,ΑΘΗΝΑΙΩΝ,ΑΘΗΝΩΝ,ΑΤΤΙΚΗΣ,ΠΡΩΤ. ΧΩΡΑΣ
10677,ΑΘΗΝΑ,ΑΘΗΝΑΙΩΝ,ΑΘΗΝΩΝ,ΑΤΤΙΚΗΣ,ΠΡΩΤ. ΧΩΡΑΣ
10678,ΑΘΗΝΑ,ΑΘΗΝΑΙΩΝ,ΑΘΗΝΩΝ,ΑΤΤΙΚΗΣ,ΠΡΩΤ. ΧΩΡΑΣ
10679,ΑΘΗΝΑ,ΑΘΗΝΑΙΩΝ,ΑΘΗΝΩΝ,ΑΤΤΙΚΗΣ,ΠΡΩΤ. ΧΩΡΑΣ
10680,ΑΘΗΝΑ,ΑΘΗΝΑΙΩΝ,ΑΘΗΝΩΝ,ΑΤΤΙΚΗΣ,ΠΡΩΤ. ΧΩΡΑΣ
10681,ΑΘΗΝΑ,ΑΘΗΝΑΙΩΝ,ΑΘΗΝΩΝ,ΑΤΤΙΚΗΣ,ΠΡΩΤ. ΧΩΡΑΣ
10682,ΑΘΗΝΑ,ΑΘΗΝΑΙΩΝ,ΑΘΗΝΩΝ,ΑΤΤΙΚΗΣ,ΠΡΩΤ. ΧΩΡΑΣ
10683,ΑΘΗΝΑ,ΑΘΗΝΑΙΩΝ,ΑΘΗΝΩΝ,ΑΤΤΙΚΗΣ,ΠΡΩΤ. ΧΩΡΑΣ
11141,ΑΘΗΝΑ,ΑΘΗΝΑΙΩΝ,ΑΘΗΝΩΝ,ΑΤΤΙΚΗΣ,ΠΡΩΤ. ΧΩΡΑΣ
11142,ΑΘΗΝΑ,ΑΘΗΝΑΙΩΝ,ΑΘΗΝΩΝ,ΑΤΤΙΚΗΣ,ΠΡΩΤ. ΧΩΡΑΣ
11143,ΑΘΗΝΑ,ΑΘΗΝΑΙΩΝ,ΑΘΗΝΩΝ,ΑΤΤΙΚΗΣ,ΠΡΩΤ. ΧΩΡΑΣ
11144,ΑΘΗΝΑ,ΑΘΗΝΑΙΩΝ,ΑΘΗΝΩΝ,ΑΤΤΙΚΗΣ,ΠΡΩΤ. ΧΩΡΑΣ
11145,ΑΘΗΝΑ,ΑΘΗΝΑΙΩΝ,ΑΘΗΝΩΝ,ΑΤΤΙΚΗΣ,ΠΡΩΤ. ΧΩΡΑΣ
11146,ΓΑΛΑΤΣΙ,ΓΑΛΑΤΣΙΟΥ,ΑΘΗΝΩΝ,ΑΤΤΙΚΗΣ,ΠΡΩΤ. ΔΗΜΟΥ
11147,ΓΑΛΑΤΣΙ,ΓΑΛΑΤΣΙΟΥ,ΑΘΗΝΩΝ,ΑΤΤΙΚΗΣ,ΠΡΩΤ. ΔΗΜΟΥ
11251,ΑΘΗΝΑ,ΑΘΗΝΑΙΩΝ,ΑΘΗΝΩΝ,ΑΤΤΙΚΗΣ,ΠΡΩΤ. ΧΩΡΑΣ
11252,ΑΘΗΝΑ,ΑΘΗΝΑΙΩΝ,ΑΘΗΝΩΝ,ΑΤΤΙΚΗΣ,ΠΡΩΤ. ΧΩΡΑΣ
11253,ΑΘΗΝΑ,ΑΘΗΝΑΙΩΝ,ΑΘΗΝΩΝ,ΑΤΤΙΚΗΣ,ΠΡΩΤ. ΧΩΡΑΣ
11254,ΑΘΗΝΑ,ΑΘΗΝΑΙΩΝ,ΑΘΗΝΩΝ,ΑΤΤΙΚΗΣ,ΠΡΩΤ. ΧΩΡΑΣ
11255,ΑΘΗΝΑ,ΑΘΗΝΑΙΩΝ,ΑΘΗΝΩΝ,ΑΤΤΙΚΗΣ,ΠΡΩΤ. ΧΩΡΑΣ
11256,ΑΘΗΝΑ,ΑΘΗΝΑΙΩΝ,ΑΘΗΝΩΝ,ΑΤΤΙΚΗΣ,ΠΡΩΤ. ΧΩΡΑΣ
11257,ΑΘΗΝΑ,ΑΘΗΝΑΙΩΝ,ΑΘΗΝΩΝ,ΑΤΤΙΚΗΣ,ΠΡΩΤ. ΧΩΡΑΣ
11361,ΑΘΗΝΑ,ΑΘΗΝΑΙΩΝ,ΑΘΗΝΩΝ,ΑΤΤΙΚΗΣ,ΠΡΩΤ. ΧΩΡΑΣ
11362,ΑΘΗΝΑ,ΑΘΗΝΑΙΩΝ,ΑΘΗΝΩΝ,ΑΤΤΙΚΗΣ,ΠΡΩΤ. ΧΩΡΑΣ
11363,ΑΘΗΝΑ,ΑΘΗΝΑΙΩΝ,ΑΘΗΝΩΝ,ΑΤΤΙΚΗΣ,ΠΡΩΤ. ΧΩΡΑΣ
11364,ΑΘΗΝΑ,ΑΘΗΝΑΙΩΝ,ΑΘΗΝΩΝ,ΑΤΤΙΚΗΣ,ΠΡΩΤ. ΧΩΡΑΣ
11471,ΑΘΗΝΑ,ΑΘΗΝΑΙΩΝ,ΑΘΗΝΩΝ,ΑΤΤΙΚΗΣ,ΠΡΩΤ. ΧΩΡΑΣ
11472,ΑΘΗΝΑ,ΑΘΗΝΑΙΩΝ,ΑΘΗΝΩΝ,ΑΤΤΙΚΗΣ,ΠΡΩΤ. ΧΩΡΑΣ
11473,ΑΘΗΝΑ,ΑΘΗΝΑΙΩΝ,ΑΘΗΝΩΝ,ΑΤΤΙΚΗΣ,ΠΡΩΤ. ΧΩΡΑΣ
11474,ΑΘΗΝΑ,ΑΘΗΝΑΙΩΝ,ΑΘΗΝΩΝ,ΑΤΤΙΚΗΣ,ΠΡΩΤ. ΧΩΡΑΣ
11475,ΑΘΗΝΑ,ΑΘΗΝΑΙΩΝ,ΑΘΗΝΩΝ,ΑΤΤΙΚΗΣ,ΠΡΩΤ. ΧΩΡΑΣ
11476,ΑΘΗΝΑ,ΑΘΗΝΑΙΩΝ,ΑΘΗΝΩΝ,ΑΤΤΙΚΗΣ,ΠΡΩΤ. ΧΩΡΑΣ
11521,ΑΘΗΝΑ,ΑΘΗΝΑΙΩΝ,ΑΘΗΝΩΝ,ΑΤΤΙΚΗΣ,ΠΡΩΤ. ΧΩΡΑΣ
11522,ΑΘΗΝΑ,ΑΘΗΝΑΙΩΝ,ΑΘΗΝΩΝ,ΑΤΤΙΚΗΣ,ΠΡΩΤ. ΧΩΡΑΣ
11523,ΑΘΗΝΑ,ΑΘΗΝΑΙΩΝ,ΑΘΗΝΩΝ,ΑΤΤΙΚΗΣ,ΠΡΩΤ. ΧΩΡΑΣ
11524,ΑΘΗΝΑ,ΑΘΗΝΑΙΩΝ,ΑΘΗΝΩΝ,ΑΤΤΙΚΗΣ,ΠΡΩΤ. ΧΩΡΑΣ
11525,ΑΘΗΝΑ,ΑΘΗΝΑΙΩΝ,ΑΘΗΝΩΝ,ΑΤΤΙΚΗΣ,ΠΡΩΤ. ΧΩΡΑΣ
11526,ΑΘΗΝΑ,ΑΘΗΝΑΙΩΝ,ΑΘΗΝΩΝ,ΑΤΤΙΚΗΣ,ΠΡΩΤ. ΧΩΡΑΣ
11527,ΑΘΗΝΑ,ΑΘΗΝΑΙΩΝ,ΑΘΗΝΩΝ,ΑΤΤΙΚΗΣ,ΠΡΩΤ. ΧΩΡΑΣ
11528,ΑΘΗΝΑ,ΑΘΗΝΑΙΩΝ,ΑΘΗΝΩΝ,ΑΤΤΙΚΗΣ,ΠΡΩΤ. ΧΩΡΑΣ
11631,ΑΘΗΝΑ,ΑΘΗΝΑΙΩΝ,ΑΘΗΝΩΝ,ΑΤΤΙΚΗΣ,ΠΡΩΤ. ΧΩΡΑΣ
11632,ΑΘΗΝΑ,ΑΘΗΝΑΙΩΝ,ΑΘΗΝΩΝ,ΑΤΤΙΚΗΣ,ΠΡΩΤ. ΧΩΡΑΣ
11633,ΑΘΗΝΑ,ΑΘΗΝΑΙΩΝ,ΑΘΗΝΩΝ,ΑΤΤΙΚΗΣ,ΠΡΩΤ. ΧΩΡΑΣ
11634,ΑΘΗΝΑ,ΑΘΗΝΑΙΩΝ,ΑΘΗΝΩΝ,ΑΤΤΙΚΗΣ,ΠΡΩΤ. ΧΩΡΑΣ
11635,ΑΘΗΝΑ,ΑΘΗΝΑΙΩΝ,ΑΘΗΝΩΝ,ΑΤΤΙΚΗΣ,ΠΡΩΤ. ΧΩΡΑΣ
11636,ΑΘΗΝΑ,ΑΘΗΝΑΙΩΝ,ΑΘΗΝΩΝ,ΑΤΤΙΚΗΣ,ΠΡΩΤ. ΧΩΡΑΣ
11741,ΑΘΗΝΑ,ΑΘΗΝΑΙΩΝ,ΑΘΗΝΩΝ,ΑΤΤΙΚΗΣ,ΠΡΩΤ. ΧΩΡΑΣ
11742,ΑΘΗΝΑ,ΑΘΗΝΑΙΩΝ,ΑΘΗΝΩΝ,ΑΤΤΙΚΗΣ,ΠΡΩΤ. ΧΩΡΑΣ
11743,ΑΘΗΝΑ,ΑΘΗΝΑΙΩΝ,ΑΘΗΝΩΝ,ΑΤΤΙΚΗΣ,ΠΡΩΤ. ΧΩΡΑΣ
11744,ΑΘΗΝΑ,ΑΘΗΝΑΙΩΝ,ΑΘΗΝΩΝ,ΑΤΤΙΚΗΣ,ΠΡΩΤ. ΧΩΡΑΣ
11745,ΑΘΗΝΑ,ΑΘΗΝΑΙΩΝ,ΑΘΗΝΩΝ,ΑΤΤΙΚΗΣ,ΠΡΩΤ. ΧΩΡΑΣ
11851,ΑΘΗΝΑ,ΑΘΗΝΑΙΩΝ,ΑΘΗΝΩΝ,ΑΤΤΙΚΗΣ,ΠΡΩΤ. ΧΩΡΑΣ
11852,ΑΘΗΝΑ,ΑΘΗΝΑΙΩΝ,ΑΘΗΝΩΝ,ΑΤΤΙΚΗΣ,ΠΡΩΤ. ΧΩΡΑΣ
11853,ΑΘΗΝΑ,ΑΘΗΝΑΙΩΝ,ΑΘΗΝΩΝ,ΑΤΤΙΚΗΣ,ΠΡΩΤ. ΧΩΡΑΣ
11854,ΑΘΗΝΑ,ΑΘΗΝΑΙΩΝ,ΑΘΗΝΩΝ,ΑΤΤΙΚΗΣ,ΠΡΩΤ. ΧΩΡΑΣ
11855,ΑΘΗΝΑ,ΑΘΗΝΑΙΩΝ,ΑΘΗΝΩΝ,ΑΤΤΙΚΗΣ,ΠΡΩΤ. ΧΩΡΑΣ
12131,ΠΕΡΙΣΤΕΡΙ,ΠΕΡΙΣΤΕΡΙΟΥ,ΑΘΗΝΩΝ,ΑΤΤΙΚΗΣ,ΠΡΩΤ. ΔΗΜΟΥ
12132,ΠΕΡΙΣΤΕΡΙ,ΠΕΡΙΣΤΕΡΙΟΥ,ΑΘΗΝΩΝ,ΑΤΤΙΚΗΣ,ΠΡΩΤ. ΔΗΜΟΥ
12133,ΠΕΡΙΣΤΕΡΙ,ΠΕΡΙΣΤΕΡΙΟΥ,ΑΘΗΝΩΝ,ΑΤΤΙΚΗΣ,ΠΡΩΤ. ΔΗΜΟΥ
12134,ΠΕΡΙΣΤΕΡΙ,ΠΕΡΙΣΤΕΡΙΟΥ,ΑΘΗΝΩΝ,ΑΤΤΙΚΗΣ,ΠΡΩΤ. ΔΗΜΟΥ
12135,ΠΕΡΙΣΤΕΡΙ,ΠΕΡΙΣΤΕΡΙΟΥ,ΑΘΗΝΩΝ,ΑΤΤΙΚΗΣ,ΠΡΩΤ. ΔΗΜΟΥ
12136,ΠΕΡΙΣΤΕΡΙ,ΠΕΡΙΣΤΕΡΙΟΥ,ΑΘΗΝΩΝ,ΑΤΤΙΚΗΣ,ΠΡΩΤ. ΔΗΜΟΥ
12137,ΠΕΡΙΣΤΕΡΙ,ΠΕΡΙΣΤΕΡΙΟΥ,ΑΘΗΝΩΝ,ΑΤΤΙΚΗΣ,ΠΡΩΤ. ΔΗΜΟΥ
12241,ΑΙΓΑΛΕΩ,ΑΙΓΑΛΕΩ,ΑΘΗΝΩΝ,ΑΤΤΙΚΗΣ,ΠΡΩΤ. ΔΗΜΟΥ
12242,ΑΙΓΑΛΕΩ,ΑΙΓΑΛΕΩ,ΑΘΗΝΩΝ,ΑΤΤΙΚΗΣ,ΠΡΩΤ. ΔΗΜΟΥ
12243,ΑΙΓΑΛΕΩ,ΑΙΓΑΛΕΩ,ΑΘΗΝΩΝ,ΑΤΤΙΚΗΣ,ΠΡΩΤ. ΔΗΜΟΥ
12244,ΑΙΓΑΛΕΩ,ΑΙΓΑΛΕΩ,ΑΘΗΝΩΝ,ΑΤΤΙΚΗΣ,ΠΡΩΤ. ΔΗΜΟΥ
12351,ΑΓΙΑ ΒΑΡΒΑΡΑ,ΑΓΙΑΣ ΒΑΡΒΑΡΑΣ,ΑΘΗΝΩΝ,ΑΤΤΙΚΗΣ,ΠΡΩΤ. ΔΗΜΟΥ
12461,ΣΚΑΡΑΜΑΓΚΑΣ,ΧΑΪΔΑΡΙΟΥ,ΑΘΗΝΩΝ,ΑΤΤΙΚΗΣ,
12462,ΧΑΙΔΑΡΙ,ΧΑΪΔΑΡΙΟΥ,ΑΘΗΝΩΝ,ΑΤΤΙΚΗΣ,ΠΡΩΤ. ΔΗΜΟΥ
13121,ΙΛΙΟ,ΙΛΙΟΥ,ΑΘΗΝΩΝ,ΑΤΤΙΚΗΣ,ΠΡΩΤ. ΔΗΜΟΥ
13122,ΙΛΙΟ,ΙΛΙΟΥ,ΑΘΗΝΩΝ,ΑΤΤΙΚΗΣ,ΠΡΩΤ. ΔΗΜΟΥ
13123,ΙΛΙΟ,ΙΛΙΟΥ,ΑΘΗΝΩΝ,ΑΤΤΙΚΗΣ,ΠΡΩΤ. ΔΗΜΟΥ
13231,ΠΕΤΡΟΥΠΟΛΗ,ΠΕΤΡΟΥΠΟΛΗΣ,ΑΘΗΝΩΝ,ΑΤΤΙΚΗΣ,ΠΡΩΤ. ΔΗΜΟΥ
13232,ΠΕΤΡΟΥΠΟΛΗ,ΠΕΤΡΟΥΠΟΛΗΣ,ΑΘΗΝΩΝ,ΑΤΤΙΚΗΣ,ΠΡΩΤ. ΔΗΜΟΥ
13341,ΑΝΩ ΛΙΟΣΙΑ,ΑΝΩ ΛΙΟΣΙΩΝ,ΔΥΤΙΚΗΣ ΑΤΤΙΚΗΣ,ΑΤΤΙΚΗΣ,ΠΡΩΤ. ΔΗΜΟΥ
13342,ΑΝΩ ΛΙΟΣΙΑ,ΑΝΩ ΛΙΟΣΙΩΝ,ΔΥΤΙΚΗΣ ΑΤΤΙΚΗΣ,ΑΤΤΙΚΗΣ,ΠΡΩΤ. ΔΗΜΟΥ
13343,ΑΝΩ ΛΙΟΣΙΑ,ΑΝΩ ΛΙΟΣΙΩΝ,ΔΥΤΙΚΗΣ ΑΤΤΙΚΗΣ,ΑΤΤΙΚΗΣ,ΠΡΩΤ. ΔΗΜΟΥ
13344,ΑΝΩ ΛΙΟΣΙΑ,ΑΝΩ ΛΙΟΣΙΩΝ,ΔΥΤΙΚΗΣ ΑΤΤΙΚΗΣ,ΑΤΤΙΚΗΣ,ΠΡΩΤ. ΔΗΜΟΥ
13345,ΦΥΛΗ,ΦΥΛΗΣ,ΔΥΤΙΚΗΣ ΑΤΤΙΚΗΣ,ΑΤΤΙΚΗΣ,ΠΡΩΤ. ΔΗΜΟΥ
13351,ΦΥΛΗ,ΦΥΛΗΣ,ΔΥΤΙΚΗΣ ΑΤΤΙΚΗΣ,ΑΤΤΙΚΗΣ,ΠΡΩΤ. ΔΗΜΟΥ
13451,ΚΑΜΑΤΕΡΟ,ΚΑΜΑΤΕΡΟΥ,ΑΘΗΝΩΝ,ΑΤΤΙΚΗΣ,ΠΡΩΤ. ΔΗΜΟΥ
13461,ΖΕΦΥΡΙ,ΖΕΦΥΡΙΟΥ,ΔΥΤΙΚΗΣ ΑΤΤΙΚΗΣ,ΑΤΤΙΚΗΣ,ΠΡΩΤ. ΔΗΜΟΥ
13561,ΑΓΙΟΙ ΑΝΑΡΓΥΡΟΙ,ΑΓΙΩΝ ΑΝΑΡΓΥΡΩΝ,ΑΘΗΝΩΝ,ΑΤΤΙΚΗΣ,ΠΡΩΤ. ΔΗΜΟΥ
13562,ΑΓΙΟΙ ΑΝΑΡΓΥΡΟΙ,ΑΓΙΩΝ ΑΝΑΡΓΥΡΩΝ,ΑΘΗΝΩΝ,ΑΤΤΙΚΗΣ,ΠΡΩΤ. ΔΗΜΟΥ
13671,ΑΧΑΡΝΕΣ,ΑΧΑΡΝΩΝ,ΑΝΑΤΟΛΙΚΗΣ ΑΤΤΙΚΗΣ,ΑΤΤΙΚΗΣ,ΠΡΩΤ. ΔΗΜΟΥ
13672,ΑΧΑΡΝΕΣ,ΑΧΑΡΝΩΝ,ΑΝΑΤΟΛΙΚΗΣ ΑΤΤΙΚΗΣ,ΑΤΤΙΚΗΣ,ΠΡΩΤ. ΔΗΜΟΥ
13673,ΑΧΑΡΝΕΣ,ΑΧΑΡΝΩΝ,ΑΝΑΤΟΛΙΚΗΣ ΑΤΤΙΚΗΣ,ΑΤΤΙΚΗΣ,ΠΡΩΤ. ΔΗΜΟΥ
13674,ΑΧΑΡΝΕΣ,ΑΧΑΡΝΩΝ,ΑΝΑΤΟΛΙΚΗΣ ΑΤΤΙΚΗΣ,ΑΤΤΙΚΗΣ,ΠΡΩΤ. ΔΗΜΟΥ
13675,ΑΧΑΡΝΕΣ,ΑΧΑΡΝΩΝ,ΑΝΑΤΟΛΙΚΗΣ ΑΤΤΙΚΗΣ,ΑΤΤΙΚΗΣ,ΠΡΩΤ. ΔΗΜΟΥ
13676,ΘΡΑΚΟΜΑΚΕΔΟΝΕΣ,ΘΡΑΚΟΜΑΚΕΔΟΝΩΝ,ΑΝΑΤΟΛΙΚΗΣ ΑΤΤΙΚΗΣ,ΑΤΤΙΚΗΣ,ΠΡΩΤ. ΚΟΙΝΟΤΗΤΑΣ
13677,ΑΧΑΡΝΕΣ,ΑΧΑΡΝΩΝ,ΑΝΑΤΟΛΙΚΗΣ ΑΤΤΙΚΗΣ,ΑΤΤΙΚΗΣ,ΠΡΩΤ. ΔΗΜΟΥ
13678,ΑΧΑΡΝΕΣ,ΑΧΑΡΝΩΝ,ΑΝΑΤΟΛΙΚΗΣ ΑΤΤΙΚΗΣ,ΑΤΤΙΚΗΣ,ΠΡΩΤ. ΔΗΜΟΥ
13679,ΑΧΑΡΝΕΣ,ΑΧΑΡΝΩΝ,ΑΝΑΤΟΛΙΚΗΣ ΑΤΤΙΚΗΣ,ΑΤΤΙΚΗΣ,ΠΡΩΤ. ΔΗΜΟΥ
14121,ΗΡΑΚΛΕΙΟ,ΗΡΑΚΛΕΙΟΥ,ΑΘΗΝΩΝ,ΑΤΤΙΚΗΣ,ΠΡΩΤ. ΔΗΜΟΥ
14122,ΗΡΑΚΛΕΙΟ,ΗΡΑΚΛΕΙΟΥ,ΑΘΗΝΩΝ,ΑΤΤΙΚΗΣ,ΠΡΩΤ. ΔΗΜΟΥ
14123,ΛΥΚΟΒΡΥΣΗ,ΛΥΚΟΒΡΥΣΕΩΣ,ΑΘΗΝΩΝ,ΑΤΤΙΚΗΣ,ΠΡΩΤ. ΔΗΜΟΥ
14231,ΝΕΑ ΙΩΝΙΑ,ΝΕΑΣ ΙΩΝΙΑΣ,ΑΘΗΝΩΝ,ΑΤΤΙΚΗΣ,ΠΡΩΤ. ΔΗΜΟΥ
14232,ΝΕΑ ΙΩΝΙΑ,ΝΕΑΣ ΙΩΝΙΑΣ,ΑΘΗΝΩΝ,ΑΤΤΙΚΗΣ,ΠΡΩΤ. ΔΗΜΟΥ
14233,ΝΕΑ ΙΩΝΙΑ,ΝΕΑΣ ΙΩΝΙΑΣ,ΑΘΗΝΩΝ,ΑΤΤΙΚΗΣ,ΠΡΩΤ. ΔΗΜΟΥ
14234,ΝΕΑ ΙΩΝΙΑ,ΝΕΑΣ ΙΩΝΙΑΣ,ΑΘΗΝΩΝ,ΑΤΤΙΚΗΣ,ΠΡΩΤ. ΔΗΜΟΥ
14235,ΝΕΑ ΙΩΝΙΑ,ΝΕΑΣ ΙΩΝΙΑΣ,ΑΘΗΝΩΝ,ΑΤΤΙΚΗΣ,ΠΡΩΤ. ΔΗΜΟΥ
14341,ΝΕΑ ΦΙΛΑΔΕΛΦΕΙΑ,ΝΕΑΣ ΦΙΛΑΔΕΛΦΕΙΑΣ,ΑΘΗΝΩΝ,ΑΤΤΙΚΗΣ,ΠΡΩΤ. ΔΗΜΟΥ
14342,ΝΕΑ ΦΙΛΑΔΕΛΦΕΙΑ,ΝΕΑΣ ΦΙΛΑΔΕΛΦΕΙΑΣ,ΑΘΗΝΩΝ,ΑΤΤΙΚΗΣ,ΠΡΩΤ. ΔΗΜΟΥ
14343,ΝΕΑ ΧΑΛΚΗΔΩΝΑ,ΝΕΑΣ ΧΑΛΚΗΔΟΝΟΣ,ΑΘΗΝΩΝ,ΑΤΤΙΚΗΣ,ΠΡΩΤ. ΔΗΜΟΥ
14451,ΜΕΤΑΜΟΡΦΩΣΗ,ΜΕΤΑΜΟΡΦΩΣΕΩΣ,ΑΘΗΝΩΝ,ΑΤΤΙΚΗΣ,ΠΡΩΤ. ΔΗΜΟΥ
14452,ΜΕΤΑΜΟΡΦΩΣΗ,ΜΕΤΑΜΟΡΦΩΣΕΩΣ,ΑΘΗΝΩΝ,ΑΤΤΙΚΗΣ,ΠΡΩΤ. ΔΗΜΟΥ
14561,ΚΗΦΙΣΙΑ,ΚΗΦΙΣΙΑΣ,ΑΘΗΝΩΝ,ΑΤΤΙΚΗΣ,ΠΡΩΤ. ΔΗΜΟΥ
14562,ΚΗΦΙΣΙΑ,ΚΗΦΙΣΙΑΣ,ΑΘΗΝΩΝ,ΑΤΤΙΚΗΣ,ΠΡΩΤ. ΔΗΜΟΥ
14563,ΚΗΦΙΣΙΑ,ΚΗΦΙΣΙΑΣ,ΑΘΗΝΩΝ,ΑΤΤΙΚΗΣ,ΠΡΩΤ. ΔΗΜΟΥ
14564,ΚΗΦΙΣΙΑ,ΚΗΦΙΣΙΑΣ,ΑΘΗΝΩΝ,ΑΤΤΙΚΗΣ,ΠΡΩΤ. ΔΗΜΟΥ
14565,ΑΓΙΟΣ ΣΤΕΦΑΝΟΣ,ΑΓΙΟΥ ΣΤΕΦΑΝΟΥ,ΑΝΑΤΟΛΙΚΗΣ ΑΤΤΙΚΗΣ,ΑΤΤΙΚΗΣ,ΠΡΩΤ. ΔΗΜΟΥ
14568,ΚΡΥΟΝΕΡΙ,ΚΡΥΟΝΕΡΙΟΥ,ΑΝΑΤΟΛΙΚΗΣ ΑΤΤΙΚΗΣ,ΑΤΤΙΚΗΣ,ΠΡΩΤ. ΚΟΙΝΟΤΗΤΑΣ
14569,ΑΝΟΙΞΗ,ΑΝΟΙΞΕΩΣ,ΑΝΑΤΟΛΙΚΗΣ ΑΤΤΙΚΗΣ,ΑΤΤΙΚΗΣ,ΠΡΩΤ. ΚΟΙΝΟΤΗΤΑΣ
14572,ΔΡΟΣΙΑ,ΔΡΟΣΙΑΣ,ΑΝΑΤΟΛΙΚΗΣ ΑΤΤΙΚΗΣ,ΑΤΤΙΚΗΣ,ΠΡΩΤ. ΚΟΙΝΟΤΗΤΑΣ
14574,ΡΟΔΟΠΟΛΗ,ΡΟΔΟΠΟΛΕΩΣ,ΑΝΑΤΟΛΙΚΗΣ ΑΤΤΙΚΗΣ,ΑΤΤΙΚΗΣ,ΠΡΩΤ. ΚΟΙΝΟΤΗΤΑΣ
14575,ΣΤΑΜΑΤΑ,ΣΤΑΜΑΤΑΣ,ΑΝΑΤΟΛΙΚΗΣ ΑΤΤΙΚΗΣ,ΑΤΤΙΚΗΣ,ΠΡΩΤ. ΚΟΙΝΟΤΗΤΑΣ
14576,ΔΙΟΝΥΣΟΣ,ΔΙΟΝΥΣΟΥ,ΑΝΑΤΟΛΙΚΗΣ ΑΤΤΙΚΗΣ,ΑΤΤΙΚΗΣ,ΠΡΩΤ. ΚΟΙΝΟΤΗΤΑΣ
14578,ΕΚΑΛΗ,ΕΚΑΛΗΣ,ΑΘΗΝΩΝ,ΑΤΤΙΚΗΣ,ΠΡΩΤ. ΚΟΙΝΟΤΗΤΑΣ
14671,ΝΕΑ ΕΡΥΘΡΑΙΑ,ΝΕΑΣ ΕΡΥΘΡΑΙΑΣ,ΑΘΗΝΩΝ,ΑΤΤΙΚΗΣ,ΠΡΩΤ. ΔΗΜΟΥ
15121,ΠΕΥΚΗ,ΠΕΥΚΗΣ,ΑΘΗΝΩΝ,ΑΤΤΙΚΗΣ,ΠΡΩΤ. ΔΗΜΟΥ
15122,ΜΑΡΟΥΣΙ,ΑΜΑΡΟΥΣΙΟΥ,ΑΘΗΝΩΝ,ΑΤΤΙΚΗΣ,ΠΡΩΤ. ΔΗΜΟΥ
15123,ΜΑΡΟΥΣΙ,ΑΜΑΡΟΥΣΙΟΥ,ΑΘΗΝΩΝ,ΑΤΤΙΚΗΣ,ΠΡΩΤ. ΔΗΜΟΥ
15124,ΜΑΡΟΥΣΙ,ΑΜΑΡΟΥΣΙΟΥ,ΑΘΗΝΩΝ,ΑΤΤΙΚΗΣ,ΠΡΩΤ. ΔΗΜΟΥ
15125,ΜΑΡΟΥΣΙ,ΑΜΑΡΟΥΣΙΟΥ,ΑΘΗΝΩΝ,ΑΤΤΙΚΗΣ,ΠΡΩΤ. ΔΗΜΟΥ
15126,ΜΑΡΟΥΣΙ,ΑΜΑΡΟΥΣΙΟΥ,ΑΘΗΝΩΝ,ΑΤΤΙΚΗΣ,ΠΡΩΤ. ΔΗΜΟΥ
15127,ΜΕΛΙΣΣΙΑ,ΜΕΛΙΣΣΙΩΝ,ΑΘΗΝΩΝ,ΑΤΤΙΚΗΣ,ΠΡΩΤ. ΔΗΜΟΥ
15231,ΧΑΛΑΝΔΡΙ,ΧΑΛΑΝΔΡΙΟΥ,ΑΘΗΝΩΝ,ΑΤΤΙΚΗΣ,ΠΡΩΤ. ΔΗΜΟΥ
15232,ΧΑΛΑΝΔΡΙ,ΧΑΛΑΝΔΡΙΟΥ,ΑΘΗΝΩΝ,ΑΤΤΙΚΗΣ,ΠΡΩΤ. ΔΗΜΟΥ
15233,ΧΑΛΑΝΔΡΙ,ΧΑΛΑΝΔΡΙΟΥ,ΑΘΗΝΩΝ,ΑΤΤΙΚΗΣ,ΠΡΩΤ. ΔΗΜΟΥ
15234,ΧΑΛΑΝΔΡΙ,ΧΑΛΑΝΔΡΙΟΥ,ΑΘΗΝΩΝ,ΑΤΤΙΚΗΣ,ΠΡΩΤ. ΔΗΜΟΥ
15235,ΒΡΙΛΗΣΣΙΑ,ΒΡΙΛΗΣΣΙΩΝ,ΑΘΗΝΩΝ,ΑΤΤΙΚΗΣ,ΠΡΩΤ. ΔΗΜΟΥ
15236,ΝΕΑ ΠΕΝΤΕΛΗ,ΠΕΝΤΕΛΗΣ,ΑΘΗΝΩΝ,ΑΤΤΙΚΗΣ,ΠΡΩΤ. ΚΟΙΝΟΤΗΤΑΣ
15237,ΦΙΛΟΘΕΗ,ΦΙΛΟΘΕΗΣ,ΑΘΗΝΩΝ,ΑΤΤΙΚΗΣ,ΠΡΩΤ. ΔΗΜΟΥ
15238,ΧΑΛΑΝΔΡΙ,ΧΑΛΑΝΔΡΙΟΥ,ΑΘΗΝΩΝ,ΑΤΤΙΚΗΣ,ΠΡΩΤ. ΔΗΜΟΥ
15239,ΝΕΑ ΠΕΝΤΕΛΗ,ΠΕΝΤΕΛΗΣ,ΑΘΗΝΩΝ,ΑΤΤΙΚΗΣ,ΠΡΩΤ. ΚΟΙΝΟΤΗΤΑΣ
15341,ΑΓΙΑ ΠΑΡΑΣΚΕΥΗ,ΑΓΙΑΣ ΠΑΡΑΣΚΕΥΗΣ,ΑΘΗΝΩΝ,ΑΤΤΙΚΗΣ,ΠΡΩΤ. ΔΗΜΟΥ
15342,ΑΓΙΑ ΠΑΡΑΣΚΕΥΗ,ΑΓΙΑΣ ΠΑΡΑΣΚΕΥΗΣ,ΑΘΗΝΩΝ,ΑΤΤΙΚΗΣ,ΠΡΩΤ. ΔΗΜΟΥ
15343,ΑΓΙΑ ΠΑΡΑΣΚΕΥΗ,ΑΓΙΑΣ ΠΑΡΑΣΚΕΥΗΣ,ΑΘΗΝΩΝ,ΑΤΤΙΚΗΣ,ΠΡΩΤ. ΔΗΜΟΥ
15344,ΓΕΡΑΚΑΣ,ΓΕΡΑΚΑ,ΑΝΑΤΟΛΙΚΗΣ ΑΤΤΙΚΗΣ,ΑΤΤΙΚΗΣ,ΠΡΩΤ. ΔΗΜΟΥ
15349,ΑΝΘΟΥΣΑ,ΑΝΘΟΥΣΗΣ,ΑΝΑΤΟΛΙΚΗΣ ΑΤΤΙΚΗΣ,ΑΤΤΙΚΗΣ,ΠΡΩΤ. ΚΟΙΝΟΤΗΤΑΣ
15351,ΡΑΦΗΝΑ,ΡΑΦΗΝΑΣ,ΑΝΑΤΟΛΙΚΗΣ ΑΤΤΙΚΗΣ,ΑΤΤΙΚΗΣ,ΠΡΩΤ. ΔΗΜΟΥ
15354,ΓΛΥΚΑ ΝΕΡΑ,ΓΛΥΚΩΝ ΝΕΡΩΝ,ΑΝΑΤΟΛΙΚΗΣ ΑΤΤΙΚΗΣ,ΑΤΤΙΚΗΣ,ΠΡΩΤ. ΔΗΜΟΥ
15451,ΝΕΟ ΨΥΧΙΚΟ,ΝΕΟΥ ΨΥΧΙΚΟΥ,ΑΘΗΝΩΝ,ΑΤΤΙΚΗΣ,ΠΡΩΤ. ΔΗΜΟΥ
15452,ΨΥΧΙΚΟ,ΨΥΧΙΚΟΥ,ΑΘΗΝΩΝ,ΑΤΤΙΚΗΣ,ΠΡΩΤ. ΔΗΜΟΥ
15561,ΧΟΛΑΡΓΟΣ,ΧΟΛΑΡΓΟΥ,ΑΘΗΝΩΝ,ΑΤΤΙΚΗΣ,ΠΡΩΤ. ΔΗΜΟΥ
15562,ΧΟΛΑΡΓΟΣ,ΧΟΛΑΡΓΟΥ,ΑΘΗΝΩΝ,ΑΤΤΙΚΗΣ,ΠΡΩΤ. ΔΗΜΟΥ
15669,ΠΑΠΑΓΟΣ,ΠΑΠΑΓΟΥ,ΑΘΗΝΩΝ,ΑΤΤΙΚΗΣ,ΠΡΩΤ. ΔΗΜΟΥ
15771,ΖΩΓΡΑΦΟΣ,ΖΩΓΡΑΦΟΥ,ΑΘΗΝΩΝ,ΑΤΤΙΚΗΣ,ΠΡΩΤ. ΔΗΜΟΥ
15772,ΖΩΓΡΑΦΟΣ,ΖΩΓΡΑΦΟΥ,ΑΘΗΝΩΝ,ΑΤΤΙΚΗΣ,ΠΡΩΤ. ΔΗΜΟΥ
15773,ΖΩΓΡΑΦΟΣ,ΖΩΓΡΑΦΟΥ,ΑΘΗΝΩΝ,ΑΤΤΙΚΗΣ,ΠΡΩΤ. ΔΗΜΟΥ
16121,ΚΑΙΣΑΡΙΑΝΗ,ΚΑΙΣΑΡΙΑΝΗΣ,ΑΘΗΝΩΝ,ΑΤΤΙΚΗΣ,ΠΡΩΤ. ΔΗΜΟΥ
16122,ΚΑΙΣΑΡΙΑΝΗ,ΚΑΙΣΑΡΙΑΝΗΣ,ΑΘΗΝΩΝ,ΑΤΤΙΚΗΣ,ΠΡΩΤ. ΔΗΜΟΥ
16231,ΒΥΡΩΝΑΣ,ΒΥΡΩΝΟΣ,ΑΘΗΝΩΝ,ΑΤΤΙΚΗΣ,ΠΡΩΤ. ΔΗΜΟΥ
16232,ΒΥΡΩΝΑΣ,ΒΥΡΩΝΟΣ,ΑΘΗΝΩΝ,ΑΤΤΙΚΗΣ,ΠΡΩΤ. ΔΗΜΟΥ
16233,ΒΥΡΩΝΑΣ,ΒΥΡΩΝΟΣ,ΑΘΗΝΩΝ,ΑΤΤΙΚΗΣ,ΠΡΩΤ. ΔΗΜΟΥ
16341,ΗΛΙΟΥΠΟΛΗ,ΗΛΙΟΥΠΟΛΗΣ,ΑΘΗΝΩΝ,ΑΤΤΙΚΗΣ,ΠΡΩΤ. ΔΗΜΟΥ
16342,ΗΛΙΟΥΠΟΛΗ,ΗΛΙΟΥΠΟΛΗΣ,ΑΘΗΝΩΝ,ΑΤΤΙΚΗΣ,ΠΡΩΤ. ΔΗΜΟΥ
16343,ΗΛΙΟΥΠΟΛΗ,ΗΛΙΟΥΠΟΛΗΣ,ΑΘΗΝΩΝ,ΑΤΤΙΚΗΣ,ΠΡΩΤ. ΔΗΜΟΥ
16344,ΗΛΙΟΥΠΟΛΗ,ΗΛΙΟΥΠΟΛΗΣ,ΑΘΗΝΩΝ,ΑΤΤΙΚΗΣ,ΠΡΩΤ. ΔΗΜΟΥ
16345,ΗΛΙΟΥΠΟΛΗ,ΗΛΙΟΥΠΟΛΗΣ,ΑΘΗΝΩΝ,ΑΤΤΙΚΗΣ,ΠΡΩΤ. ΔΗΜΟΥ
16346,ΗΛΙΟΥΠΟΛΗ,ΗΛΙΟΥΠΟΛΗΣ,ΑΘΗΝΩΝ,ΑΤΤΙΚΗΣ,ΠΡΩΤ. ΔΗΜΟΥ
16451,ΑΡΓΥΡΟΥΠΟΛΗ,ΑΡΓΥΡΟΥΠΟΛΗΣ,ΑΘΗΝΩΝ,ΑΤΤΙΚΗΣ,ΠΡΩΤ. ΔΗΜΟΥ
16452,ΑΡΓΥΡΟΥΠΟΛΗ,ΑΡΓΥΡΟΥΠΟΛΗΣ,ΑΘΗΝΩΝ,ΑΤΤΙΚΗΣ,ΠΡΩΤ. ΔΗΜΟΥ
16561,ΓΛΥΦΑΔΑ,ΓΛΥΦΑΔΑΣ,ΑΘΗΝΩΝ,ΑΤΤΙΚΗΣ,ΠΡΩΤ. ΔΗΜΟΥ
16562,ΓΛΥΦΑΔΑ,ΓΛΥΦΑΔΑΣ,ΑΘΗΝΩΝ,ΑΤΤΙΚΗΣ,ΠΡΩΤ. ΔΗΜΟΥ
16671,ΒΟΥΛΙΑΓΜΕΝΗ,ΒΟΥΛΙΑΓΜΕΝΗΣ,ΑΝΑΤΟΛΙΚΗΣ ΑΤΤΙΚΗΣ,ΑΤΤΙΚΗΣ,ΠΡΩΤ. ΔΗΜΟΥ
16671,ΒΟΥΛΙΑΓΜΕΝΗ,ΒΟΥΛΙΑΓΜΕΝΗΣ,ΑΝΑΤΟΛΙΚΗΣ ΑΤΤΙΚΗΣ,ΑΤΤΙΚΗΣ,ΠΡΩΤ. ΔΗΜΟΥ
16672,ΒΑΡΗ,ΒΑΡΗΣ,ΑΝΑΤΟΛΙΚΗΣ ΑΤΤΙΚΗΣ,ΑΤΤΙΚΗΣ,ΠΡΩΤ. ΔΗΜΟΥ
16673,ΒΟΥΛΑ,ΒΟΥΛΑΣ,ΑΝΑΤΟΛΙΚΗΣ ΑΤΤΙΚΗΣ,ΑΤΤΙΚΗΣ,ΠΡΩΤ. ΔΗΜΟΥ
16674,ΓΛΥΦΑΔΑ,ΓΛΥΦΑΔΑΣ,ΑΘΗΝΩΝ,ΑΤΤΙΚΗΣ,ΠΡΩΤ. ΔΗΜΟΥ
16675,ΓΛΥΦΑΔΑ,ΓΛΥΦΑΔΑΣ,ΑΘΗΝΩΝ,ΑΤΤΙΚΗΣ,ΠΡΩΤ. ΔΗΜΟΥ
16777,ΕΛΛΗΝΙΚΟ,ΕΛΛΗΝΙΚΟΥ,ΑΘΗΝΩΝ,ΑΤΤΙΚΗΣ,ΠΡΩΤ. ΔΗΜΟΥ
17121,ΝΕΑ ΣΜΥΡΝΗ,ΝΕΑΣ ΣΜΥΡΝΗΣ,ΑΘΗΝΩΝ,ΑΤΤΙΚΗΣ,ΠΡΩΤ. ΔΗΜΟΥ
17122,ΝΕΑ ΣΜΥΡΝΗ,ΝΕΑΣ ΣΜΥΡΝΗΣ,ΑΘΗΝΩΝ,ΑΤΤΙΚΗΣ,ΠΡΩΤ. ΔΗΜΟΥ
17122,ΝΕΑ ΣΜΥΡΝΗ,ΝΕΑΣ ΣΜΥΡΝΗΣ,ΑΘΗΝΩΝ,ΑΤΤΙΚΗΣ,ΠΡΩΤ. ΔΗΜΟΥ
17123,ΝΕΑ ΣΜΥΡΝΗ,ΝΕΑΣ ΣΜΥΡΝΗΣ,ΑΘΗΝΩΝ,ΑΤΤΙΚΗΣ,ΠΡΩΤ. ΔΗΜΟΥ
17124,ΝΕΑ ΣΜΥΡΝΗ,ΝΕΑΣ ΣΜΥΡΝΗΣ,ΑΘΗΝΩΝ,ΑΤΤΙΚΗΣ,ΠΡΩΤ. ΔΗΜΟΥ
17234,ΔΑΦΝΗ,ΔΑΦΝΗΣ,ΑΘΗΝΩΝ,ΑΤΤΙΚΗΣ,ΠΡΩΤ. ΔΗΜΟΥ
17235,ΔΑΦΝΗ,ΔΑΦΝΗΣ,ΑΘΗΝΩΝ,ΑΤΤΙΚΗΣ,ΠΡΩΤ. ΔΗΜΟΥ
17236,ΥΜΗΤΤΟΣ,ΥΜΗΤΤΟΥ,ΑΘΗΝΩΝ,ΑΤΤΙΚΗΣ,ΠΡΩΤ. ΔΗΜΟΥ
17237,ΥΜΗΤΤΟΣ,ΥΜΗΤΤΟΥ,ΑΘΗΝΩΝ,ΑΤΤΙΚΗΣ,ΠΡΩΤ. ΔΗΜΟΥ
17341,ΑΓΙΟΣ ΔΗΜΗΤΡΙΟΣ,ΑΓΙΟΥ ΔΗΜΗΤΡΙΟΥ,ΑΘΗΝΩΝ,ΑΤΤΙΚΗΣ,ΠΡΩΤ. ΔΗΜΟΥ
17341,ΑΓΙΟΣ ΔΗΜΗΤΡΙΟΣ,ΑΓΙΟΥ ΔΗΜΗΤΡΙΟΥ,ΑΘΗΝΩΝ,ΑΤΤΙΚΗΣ,ΠΡΩΤ. ΔΗΜΟΥ
17342,ΑΓΙΟΣ ΔΗΜΗΤΡΙΟΣ,ΑΓΙΟΥ ΔΗΜΗΤΡΙΟΥ,ΑΘΗΝΩΝ,ΑΤΤΙΚΗΣ,ΠΡΩΤ. ΔΗΜΟΥ
17343,ΑΓΙΟΣ ΔΗΜΗΤΡΙΟΣ,ΑΓΙΟΥ ΔΗΜΗΤΡΙΟΥ,ΑΘΗΝΩΝ,ΑΤΤΙΚΗΣ,ΠΡΩΤ. ΔΗΜΟΥ
17455,ΚΑΛΑΜΑΚΙ,ΑΛΙΜΟΥ,ΑΘΗΝΩΝ,ΑΤΤΙΚΗΣ,ΠΡΩΤ. ΔΗΜΟΥ
17456,ΚΑΛΑΜΑΚΙ,ΑΛΙΜΟΥ,ΑΘΗΝΩΝ,ΑΤΤΙΚΗΣ,ΠΡΩΤ. ΔΗΜΟΥ
17561,ΠΑΛΑΙΟ ΦΑΛΗΡΟ,ΠΑΛΑΙΟΥ ΦΑΛΗΡΟΥ,ΑΘΗΝΩΝ,ΑΤΤΙΚΗΣ,ΠΡΩΤ. ΔΗΜΟΥ
17562,ΠΑΛΑΙΟ ΦΑΛΗΡΟ,ΠΑΛΑΙΟΥ ΦΑΛΗΡΟΥ,ΑΘΗΝΩΝ,ΑΤΤΙΚΗΣ,ΠΡΩΤ. ΔΗΜΟΥ
17563,ΠΑΛΑΙΟ ΦΑΛΗΡΟ,ΠΑΛΑΙΟΥ ΦΑΛΗΡΟΥ,ΑΘΗΝΩΝ,ΑΤΤΙΚΗΣ,ΠΡΩΤ. ΔΗΜΟΥ
17564,ΠΑΛΑΙΟ ΦΑΛΗΡΟ,ΠΑΛΑΙΟΥ ΦΑΛΗΡΟΥ,ΑΘΗΝΩΝ,ΑΤΤΙΚΗΣ,ΠΡΩΤ. ΔΗΜΟΥ
17671,ΚΑΛΛΙΘΕΑ,ΚΑΛΛΙΘΕΑΣ,ΑΘΗΝΩΝ,ΑΤΤΙΚΗΣ,ΠΡΩΤ. ΔΗΜΟΥ
17672,ΚΑΛΛΙΘΕΑ,ΚΑΛΛΙΘΕΑΣ,ΑΘΗΝΩΝ,ΑΤΤΙΚΗΣ,ΠΡΩΤ. ΔΗΜΟΥ
17673,ΚΑΛΛΙΘΕΑ,ΚΑΛΛΙΘΕΑΣ,ΑΘΗΝΩΝ,ΑΤΤΙΚΗΣ,ΠΡΩΤ. ΔΗΜΟΥ
17674,ΚΑΛΛΙΘΕΑ,ΚΑΛΛΙΘΕΑΣ,ΑΘΗΝΩΝ,ΑΤΤΙΚΗΣ,ΠΡΩΤ. ΔΗΜΟΥ
17675,ΚΑΛΛΙΘΕΑ,ΚΑΛΛΙΘΕΑΣ,ΑΘΗΝΩΝ,ΑΤΤΙΚΗΣ,ΠΡΩΤ. ΔΗΜΟΥ
17676,ΚΑΛΛΙΘΕΑ,ΚΑΛΛΙΘΕΑΣ,ΑΘΗΝΩΝ,ΑΤΤΙΚΗΣ,ΠΡΩΤ. ΔΗΜΟΥ
17778,ΤΑΥΡΟΣ,ΤΑΥΡΟΥ,ΑΘΗΝΩΝ,ΑΤΤΙΚΗΣ,ΠΡΩΤ. ΔΗΜΟΥ
18010,ΑΙΓΙΝΑ,ΑΙΓΙΝΑΣ,ΠΕΙΡΑΙΩΣ,ΑΤΤΙΚΗΣ,ΠΡΩΤ. ΔΗΜΟΥ
18010,ΑΙΓΙΝΑ,ΑΙΓΙΝΑΣ,ΠΕΙΡΑΙΩΣ,ΑΤΤΙΚΗΣ,ΠΡΩΤ. ΔΗΜΟΥ
18010,ΑΙΓΙΝΑ,ΑΙΓΙΝΑΣ,ΠΕΙΡΑΙΩΣ,ΑΤΤΙΚΗΣ,ΠΡΩΤ. ΔΗΜΟΥ
18010,ΑΙΓΙΝΑ,ΑΙΓΙΝΑΣ,ΠΕΙΡΑΙΩΣ,ΑΤΤΙΚΗΣ,ΠΡΩΤ. ΔΗΜΟΥ
18010,ΑΙΓΙΝΑ,ΑΙΓΙΝΑΣ,ΠΕΙΡΑΙΩΣ,ΑΤΤΙΚΗΣ,ΠΡΩΤ. ΔΗΜΟΥ
18010,ΑΙΓΙΝΑ,ΑΙΓΙΝΑΣ,ΠΕΙΡΑΙΩΣ,ΑΤΤΙΚΗΣ,ΠΡΩΤ. ΔΗΜΟΥ
18010,ΑΙΓΙΝΑ,ΑΙΓΙΝΑΣ,ΠΕΙΡΑΙΩΣ,ΑΤΤΙΚΗΣ,ΠΡΩΤ. ΔΗΜΟΥ
18020,ΠΟΡΟΣ,ΤΡΟΙΖΗΝΟΣ,ΠΕΙΡΑΙΩΣ,ΑΤΤΙΚΗΣ,ΠΡΩΤ. ΔΗΜΟΥ
18020,ΠΟΡΟΣ,ΤΡΟΙΖΗΝΟΣ,ΠΕΙΡΑΙΩΣ,ΑΤΤΙΚΗΣ,ΠΡΩΤ. ΔΗΜΟΥ
18030,ΜΕΘΑΝΑ,ΜΕΘΑΝΩΝ,ΠΕΙΡΑΙΩΣ,ΑΤΤΙΚΗΣ,ΠΡΩΤ. ΔΗΜΟΥ
18040,ΥΔΡΑ,ΥΔΡΑΣ,ΠΕΙΡΑΙΩΣ,ΑΤΤΙΚΗΣ,ΠΡΩΤ. ΔΗΜΟΥ
18040,ΥΔΡΑ,ΥΔΡΑΣ,ΠΕΙΡΑΙΩΣ,ΑΤΤΙΚΗΣ,ΠΡΩΤ. ΔΗΜΟΥ
18040,ΥΔΡΑ,ΥΔΡΑΣ,ΠΕΙΡΑΙΩΣ,ΑΤΤΙΚΗΣ,ΠΡΩΤ. ΔΗΜΟΥ
18040,ΥΔΡΑ,ΥΔΡΑΣ,ΠΕΙΡΑΙΩΣ,ΑΤΤΙΚΗΣ,ΠΡΩΤ. ΔΗΜΟΥ
18040,ΥΔΡΑ,ΥΔΡΑΣ,ΠΕΙΡΑΙΩΣ,ΑΤΤΙΚΗΣ,ΠΡΩΤ. ΔΗΜΟΥ
18040,ΥΔΡΑ,ΥΔΡΑΣ,ΠΕΙΡΑΙΩΣ,ΑΤΤΙΚΗΣ,ΠΡΩΤ. ΔΗΜΟΥ
18040,ΥΔΡΑ,ΥΔΡΑΣ,ΠΕΙΡΑΙΩΣ,ΑΤΤΙΚΗΣ,ΠΡΩΤ. ΔΗΜΟΥ
18040,ΥΔΡΑ,ΥΔΡΑΣ,ΠΕΙΡΑΙΩΣ,ΑΤΤΙΚΗΣ,ΠΡΩΤ. ΔΗΜΟΥ
18040,ΥΔΡΑ,ΥΔΡΑΣ,ΠΕΙΡΑΙΩΣ,ΑΤΤΙΚΗΣ,ΠΡΩΤ. ΔΗΜΟΥ
18040,ΥΔΡΑ,ΥΔΡΑΣ,ΠΕΙΡΑΙΩΣ,ΑΤΤΙΚΗΣ,ΠΡΩΤ. ΔΗΜΟΥ
18040,ΥΔΡΑ,ΥΔΡΑΣ,ΠΕΙΡΑΙΩΣ,ΑΤΤΙΚΗΣ,ΠΡΩΤ. ΔΗΜΟΥ
18050,ΣΠΕΤΣΕΣ,ΣΠΕΤΣΩΝ,ΠΕΙΡΑΙΩΣ,ΑΤΤΙΚΗΣ,ΠΡΩΤ. ΔΗΜΟΥ
18050,ΣΠΕΤΣΕΣ,ΣΠΕΤΣΩΝ,ΠΕΙΡΑΙΩΣ,ΑΤΤΙΚΗΣ,ΠΡΩΤ. ΔΗΜΟΥ
18050,ΣΠΕΤΣΕΣ,ΣΠΕΤΣΩΝ,ΠΕΙΡΑΙΩΣ,ΑΤΤΙΚΗΣ,ΠΡΩΤ. ΔΗΜΟΥ
18120,ΚΟΡΥΔΑΛΛΟΣ,ΚΟΡΥΔΑΛΛΟΥ,ΠΕΙΡΑΙΩΣ,ΑΤΤΙΚΗΣ,ΠΡΩΤ. ΔΗΜΟΥ
18121,ΚΟΡΥΔΑΛΛΟΣ,ΚΟΡΥΔΑΛΛΟΥ,ΠΕΙΡΑΙΩΣ,ΑΤΤΙΚΗΣ,ΠΡΩΤ. ΔΗΜΟΥ
18122,ΚΟΡΥΔΑΛΛΟΣ,ΚΟΡΥΔΑΛΛΟΥ,ΠΕΙΡΑΙΩΣ,ΑΤΤΙΚΗΣ,ΠΡΩΤ. ΔΗΜΟΥ
18233,ΑΓΙΟΣ ΙΩΑΝΝΗΣ ΡΕΝΤΗΣ,ΑΓΙΟΥ ΙΩΑΝΝΟΥ ΡΕΝΤΗ,ΠΕΙΡΑΙΩΣ,ΑΤΤΙΚΗΣ,ΠΡΩΤ. ΔΗΜΟΥ
18344,ΜΟΣΧΑΤΟ,ΜΟΣΧΑΤΟΥ,ΑΘΗΝΩΝ,ΑΤΤΙΚΗΣ,ΠΡΩΤ. ΔΗΜΟΥ
18345,ΜΟΣΧΑΤΟ,ΜΟΣΧΑΤΟΥ,ΑΘΗΝΩΝ,ΑΤΤΙΚΗΣ,ΠΡΩΤ. ΔΗΜΟΥ
18346,ΜΟΣΧΑΤΟ,ΜΟΣΧΑΤΟΥ,ΑΘΗΝΩΝ,ΑΤΤΙΚΗΣ,ΠΡΩΤ. ΔΗΜΟΥ
18450,ΝΙΚΑΙΑ,ΝΙΚΑΙΑΣ,ΠΕΙΡΑΙΩΣ,ΑΤΤΙΚΗΣ,ΠΡΩΤ. ΔΗΜΟΥ
18451,ΝΙΚΑΙΑ,ΝΙΚΑΙΑΣ,ΠΕΙΡΑΙΩΣ,ΑΤΤΙΚΗΣ,ΠΡΩΤ. ΔΗΜΟΥ
18452,ΝΙΚΑΙΑ,ΝΙΚΑΙΑΣ,ΠΕΙΡΑΙΩΣ,ΑΤΤΙΚΗΣ,ΠΡΩΤ. ΔΗΜΟΥ
18453,ΝΙΚΑΙΑ,ΝΙΚΑΙΑΣ,ΠΕΙΡΑΙΩΣ,ΑΤΤΙΚΗΣ,ΠΡΩΤ. ΔΗΜΟΥ
18454,ΝΙΚΑΙΑ,ΝΙΚΑΙΑΣ,ΠΕΙΡΑΙΩΣ,ΑΤΤΙΚΗΣ,ΠΡΩΤ. ΔΗΜΟΥ
18531,ΠΕΙΡΑΙΑΣ,ΠΕΙΡΑΙΩΣ,ΠΕΙΡΑΙΩΣ,ΑΤΤΙΚΗΣ,ΠΡΩΤ. ΝΟΜΟΥ
18532,ΠΕΙΡΑΙΑΣ,ΠΕΙΡΑΙΩΣ,ΠΕΙΡΑΙΩΣ,ΑΤΤΙΚΗΣ,ΠΡΩΤ. ΝΟΜΟΥ
18533,ΠΕΙΡΑΙΑΣ,ΠΕΙΡΑΙΩΣ,ΠΕΙΡΑΙΩΣ,ΑΤΤΙΚΗΣ,ΠΡΩΤ. ΝΟΜΟΥ
18534,ΠΕΙΡΑΙΑΣ,ΠΕΙΡΑΙΩΣ,ΠΕΙΡΑΙΩΣ,ΑΤΤΙΚΗΣ,ΠΡΩΤ. ΝΟΜΟΥ
18535,ΠΕΙΡΑΙΑΣ,ΠΕΙΡΑΙΩΣ,ΠΕΙΡΑΙΩΣ,ΑΤΤΙΚΗΣ,ΠΡΩΤ. ΝΟΜΟΥ
18536,ΠΕΙΡΑΙΑΣ,ΠΕΙΡΑΙΩΣ,ΠΕΙΡΑΙΩΣ,ΑΤΤΙΚΗΣ,ΠΡΩΤ. ΝΟΜΟΥ
18537,ΠΕΙΡΑΙΑΣ,ΠΕΙΡΑΙΩΣ,ΠΕΙΡΑΙΩΣ,ΑΤΤΙΚΗΣ,ΠΡΩΤ. ΝΟΜΟΥ
18538,ΠΕΙΡΑΙΑΣ,ΠΕΙΡΑΙΩΣ,ΠΕΙΡΑΙΩΣ,ΑΤΤΙΚΗΣ,ΠΡΩΤ. ΝΟΜΟΥ
18539,ΠΕΙΡΑΙΑΣ,ΠΕΙΡΑΙΩΣ,ΠΕΙΡΑΙΩΣ,ΑΤΤΙΚΗΣ,ΠΡΩΤ. ΝΟΜΟΥ
18540,ΠΕΙΡΑΙΑΣ,ΠΕΙΡΑΙΩΣ,ΠΕΙΡΑΙΩΣ,ΑΤΤΙΚΗΣ,ΠΡΩΤ. ΝΟΜΟΥ
18541,ΠΕΙΡΑΙΑΣ,ΠΕΙΡΑΙΩΣ,ΠΕΙΡΑΙΩΣ,ΑΤΤΙΚΗΣ,ΠΡΩΤ. ΝΟΜΟΥ
18542,ΠΕΙΡΑΙΑΣ,ΠΕΙΡΑΙΩΣ,ΠΕΙΡΑΙΩΣ,ΑΤΤΙΚΗΣ,ΠΡΩΤ. ΝΟΜΟΥ
18543,ΠΕΙΡΑΙΑΣ,ΠΕΙΡΑΙΩΣ,ΠΕΙΡΑΙΩΣ,ΑΤΤΙΚΗΣ,ΠΡΩΤ. ΝΟΜΟΥ
18544,ΠΕΙΡΑΙΑΣ,ΠΕΙΡΑΙΩΣ,ΠΕΙΡΑΙΩΣ,ΑΤΤΙΚΗΣ,ΠΡΩΤ. ΝΟΜΟΥ
18545,ΠΕΙΡΑΙΑΣ,ΠΕΙΡΑΙΩΣ,ΠΕΙΡΑΙΩΣ,ΑΤΤΙΚΗΣ,ΠΡΩΤ. ΝΟΜΟΥ
18546,ΠΕΙΡΑΙΑΣ,ΠΕΙΡΑΙΩΣ,ΠΕΙΡΑΙΩΣ,ΑΤΤΙΚΗΣ,ΠΡΩΤ. ΝΟΜΟΥ
18547,ΠΕΙΡΑΙΑΣ,ΠΕΙΡΑΙΩΣ,ΠΕΙΡΑΙΩΣ,ΑΤΤΙΚΗΣ,ΠΡΩΤ. ΝΟΜΟΥ
18648,ΔΡΑΠΕΤΣΩΝΑ,ΔΡΑΠΕΤΣΩΝΑΣ,ΠΕΙΡΑΙΩΣ,ΑΤΤΙΚΗΣ,ΠΡΩΤ. ΔΗΜΟΥ
18755,ΚΕΡΑΤΣΙΝΙ,ΚΕΡΑΤΣΙΝΙΟΥ,ΠΕΙΡΑΙΩΣ,ΑΤΤΙΚΗΣ,ΠΡΩΤ. ΔΗΜΟΥ
18756,ΚΕΡΑΤΣΙΝΙ,ΚΕΡΑΤΣΙΝΙΟΥ,ΠΕΙΡΑΙΩΣ,ΑΤΤΙΚΗΣ,ΠΡΩΤ. ΔΗΜΟΥ
18757,ΚΕΡΑΤΣΙΝΙ,ΚΕΡΑΤΣΙΝΙΟΥ,ΠΕΙΡΑΙΩΣ,ΑΤΤΙΚΗΣ,ΠΡΩΤ. ΔΗΜΟΥ
18758,ΚΕΡΑΤΣΙΝΙ,ΚΕΡΑΤΣΙΝΙΟΥ,ΠΕΙΡΑΙΩΣ,ΑΤΤΙΚΗΣ,ΠΡΩΤ. ΔΗΜΟΥ
18863,ΠΕΡΑΜΑ,ΠΕΡΑΜΑΤΟΣ,ΠΕΙΡΑΙΩΣ,ΑΤΤΙΚΗΣ,ΠΡΩΤ. ΔΗΜΟΥ
18900,ΣΑΛΑΜΙΝΑ,ΣΑΛΑΜΙΝΑΣ,ΠΕΙΡΑΙΩΣ,ΑΤΤΙΚΗΣ,ΠΡΩΤ. ΔΗΜΟΥ
18950,ΝΕΑ ΚΑΝΑΚΙΑ,ΣΑΛΑΜΙΝΑΣ,ΠΕΙΡΑΙΩΣ,ΑΤΤΙΚΗΣ,
18950,ΑΜΠΕΛΑΚΙΑ,ΑΜΠΕΛΑΚΙΩΝ,ΠΕΙΡΑΙΩΣ,ΑΤΤΙΚΗΣ,ΠΡΩΤ. ΔΗΜΟΥ
18950,ΑΙΑΝΤΕΙΟ,ΣΑΛΑΜΙΝΑΣ,ΠΕΙΡΑΙΩΣ,ΑΤΤΙΚΗΣ,ΠΡΩΤ. ΔΗΜ. ΔΙΑΜΕΡ.
19001,ΚΕΡΑΤΕΑ,ΚΕΡΑΤΕΑΣ,ΑΝΑΤΟΛΙΚΗΣ ΑΤΤΙΚΗΣ,ΑΤΤΙΚΗΣ,ΠΡΩΤ. ΔΗΜΟΥ
19001,ΚΕΡΑΤΕΑ,ΚΕΡΑΤΕΑΣ,ΑΝΑΤΟΛΙΚΗΣ ΑΤΤΙΚΗΣ,ΑΤΤΙΚΗΣ,ΠΡΩΤ. ΔΗΜΟΥ
19002,ΠΑΙΑΝΙΑ,ΠΑΙΑΝΙΑΣ,ΑΝΑΤΟΛΙΚΗΣ ΑΤΤΙΚΗΣ,ΑΤΤΙΚΗΣ,ΠΡΩΤ. ΔΗΜΟΥ
19003,ΜΑΡΚΟΠΟΥΛΟ,ΜΑΡΚΟΠΟΥΛΟΥ ΜΕΣΟΓΑΙΑΣ,ΑΝΑΤΟΛΙΚΗΣ ΑΤΤΙΚΗΣ,ΑΤΤΙΚΗΣ,ΠΡΩΤ. ΔΗΜΟΥ
19004,ΣΠΑΤΑ,ΣΠΑΤΩΝ - ΛΟΥΤΣΑΣ,ΑΝΑΤΟΛΙΚΗΣ ΑΤΤΙΚΗΣ,ΑΤΤΙΚΗΣ,ΠΡΩΤ. ΔΗΜΟΥ
19005,ΝΕΑ ΜΑΚΡΗ,ΝΕΑΣ ΜΑΚΡΗΣ,ΑΝΑΤΟΛΙΚΗΣ ΑΤΤΙΚΗΣ,ΑΤΤΙΚΗΣ,ΠΡΩΤ. ΔΗΜΟΥ
19006,ΝΕΑ ΠΕΡΑΜΟΣ,ΝΕΑΣ ΠΕΡΑΜΟΥ,ΔΥΤΙΚΗΣ ΑΤΤΙΚΗΣ,ΑΤΤΙΚΗΣ,ΠΡΩΤ. ΔΗΜΟΥ
19007,ΜΑΡΑΘΩΝΑΣ,ΜΑΡΑΘΩΝΟΣ,ΑΝΑΤΟΛΙΚΗΣ ΑΤΤΙΚΗΣ,ΑΤΤΙΚΗΣ,ΠΡΩΤ. ΔΗΜΟΥ
19008,ΕΡΥΘΡΕΣ,ΕΡΥΘΡΩΝ,ΔΥΤΙΚΗΣ ΑΤΤΙΚΗΣ,ΑΤΤΙΚΗΣ,ΠΡΩΤ. ΔΗΜΟΥ
19009,ΡΑΦΗΝΑ,ΡΑΦΗΝΑΣ,ΑΝΑΤΟΛΙΚΗΣ ΑΤΤΙΚΗΣ,ΑΤΤΙΚΗΣ,ΠΡΩΤ. ΔΗΜΟΥ
19010,ΚΑΛΥΒΙΑ ΘΟΡΙΚΟΥ,ΚΑΛΥΒΙΩΝ ΘΟΡΙΚΟΥ,ΑΝΑΤΟΛΙΚΗΣ ΑΤΤΙΚΗΣ,ΑΤΤΙΚΗΣ,ΠΡΩΤ. ΔΗΜΟΥ
19011,ΑΥΛΩΝΑ,ΑΥΛΩΝΟΣ,ΑΝΑΤΟΛΙΚΗΣ ΑΤΤΙΚΗΣ,ΑΤΤΙΚΗΣ,ΠΡΩΤ. ΔΗΜΟΥ
19012,ΒΙΛΙΑ,ΔΕΡΒΕΝΟΧΩΡΙΩΝ,ΒΟΙΩΤΙΑΣ,ΣΤΕΡΕΑΣ ΕΛΛΑΔΑ,ΠΡΩΤ. ΔΗΜΟΥ/ΚΟΙΝ.
19012,ΒΙΛΙΑ,ΔΕΡΒΕΝΟΧΩΡΙΩΝ,ΒΟΙΩΤΙΑΣ,ΣΤΕΡΕΑΣ ΕΛΛΑΔΑ,ΠΡΩΤ. ΔΗΜΟΥ/ΚΟΙΝ.
19013,ΑΝΑΒΥΣΣΟΣ,ΑΝΑΒΥΣΣΟΥ,ΑΝΑΤΟΛΙΚΗΣ ΑΤΤΙΚΗΣ,ΑΤΤΙΚΗΣ,ΠΡΩΤ. ΚΟΙΝΟΤΗΤΑΣ
19013,ΑΝΑΒΥΣΣΟΣ,ΑΝΑΒΥΣΣΟΥ,ΑΝΑΤΟΛΙΚΗΣ ΑΤΤΙΚΗΣ,ΑΤΤΙΚΗΣ,ΠΡΩΤ. ΚΟΙΝΟΤΗΤΑΣ
19014,ΑΓΙΟΙ ΑΠΟΣΤΟΛΟΙ,ΚΑΛΑΜΟΥ,ΑΝΑΤΟΛΙΚΗΣ ΑΤΤΙΚΗΣ,ΑΤΤΙΚΗΣ,
19015,ΜΑΡΚΟΠΟΥΛΟ,ΜΑΡΚΟΠΟΥΛΟΥ ΩΡΩΠΟΥ,ΑΝΑΤΟΛΙΚΗΣ ΑΤΤΙΚΗΣ,ΑΤΤΙΚΗΣ,ΠΡΩΤ. ΚΟΙΝΟΤΗΤΑΣ
19016,ΑΡΤΕΜΗ,ΑΡΤΕΜΙΔΟΣ (ΛΟΥΤΣΑΣ),ΑΝΑΤΟΛΙΚΗΣ ΑΤΤΙΚΗΣ,ΑΤΤΙΚΗΣ,ΠΡΩΤ. ΔΗΜΟΥ
19018,ΜΑΝΔΡΑ,ΜΑΝΔΡΑΣ,ΔΥΤΙΚΗΣ ΑΤΤΙΚΗΣ,ΑΤΤΙΚΗΣ,ΠΡΩΤ. ΔΗΜΟΥ
19019,ΣΠΑΤΑ,ΣΠΑΤΩΝ - ΛΟΥΤΣΑΣ,ΑΝΑΤΟΛΙΚΗΣ ΑΤΤΙΚΗΣ,ΑΤΤΙΚΗΣ,ΠΡΩΤ. ΔΗΜΟΥ
19020,ΡΙΖΙΚΑΣ,ΚΑΛΥΒΙΩΝ ΘΟΡΙΚΟΥ,ΑΝΑΤΟΛΙΚΗΣ ΑΤΤΙΚΗΣ,ΑΤΤΙΚΗΣ,
19023,ΛΙΜΗΝ ΜΑΡΚΟΠΟΥΛΟΥ,ΜΑΡΚΟΠΟΥΛΟΥ ΜΕΣΟΓΑΙΑΣ,ΑΝΑΤΟΛΙΚΗΣ ΑΤΤΙΚΗΣ,ΑΤΤΙΚΗΣ,
19100,ΜΕΓΑΡΑ,ΜΕΓΑΡΕΩΝ,ΔΥΤΙΚΗΣ ΑΤΤΙΚΗΣ,ΑΤΤΙΚΗΣ,ΠΡΩΤ. ΔΗΜΟΥ
19100,ΜΕΓΑΡΑ,ΜΕΓΑΡΕΩΝ,ΔΥΤΙΚΗΣ ΑΤΤΙΚΗΣ,ΑΤΤΙΚΗΣ,ΠΡΩΤ. ΔΗΜΟΥ
19100,ΜΕΓΑΡΑ,ΜΕΓΑΡΕΩΝ,ΔΥΤΙΚΗΣ ΑΤΤΙΚΗΣ,ΑΤΤΙΚΗΣ,ΠΡΩΤ. ΔΗΜΟΥ
19100,ΜΕΓΑΡΑ,ΜΕΓΑΡΕΩΝ,ΔΥΤΙΚΗΣ ΑΤΤΙΚΗΣ,ΑΤΤΙΚΗΣ,ΠΡΩΤ. ΔΗΜΟΥ
19200,ΕΛΕΥΣΙΝΑ,ΕΛΕΥΣΙΝΟΣ,ΔΥΤΙΚΗΣ ΑΤΤΙΚΗΣ,ΑΤΤΙΚΗΣ,ΠΡΩΤ. ΝΟΜΟΥ
19300,ΑΣΠΡΟΠΥΡΓΟΣ,ΑΣΠΡΟΠΥΡΓΟΥ,ΔΥΤΙΚΗΣ ΑΤΤΙΚΗΣ,ΑΤΤΙΚΗΣ,ΠΡΩΤ. ΔΗΜΟΥ
19441,ΚΟΡΩΠΙ,ΚΡΩΠΙΑΣ,ΑΝΑΤΟΛΙΚΗΣ ΑΤΤΙΚΗΣ,ΑΤΤΙΚΗΣ,ΠΡΩΤ. ΔΗΜΟΥ
19442,ΚΙΤΣΙ,ΚΡΩΠΙΑΣ,ΑΝΑΤΟΛΙΚΗΣ ΑΤΤΙΚΗΣ,ΑΤΤΙΚΗΣ,
19443,ΑΓΙΑ ΜΑΡΙΝΑ,ΚΡΩΠΙΑΣ,ΑΝΑΤΟΛΙΚΗΣ ΑΤΤΙΚΗΣ,ΑΤΤΙΚΗΣ,
19500,ΛΑΥΡΙΟ,ΛΑΥΡΕΩΤΙΚΗΣ,ΑΝΑΤΟΛΙΚΗΣ ΑΤΤΙΚΗΣ,ΑΤΤΙΚΗΣ,ΠΡΩΤ. ΔΗΜΟΥ
19600,ΜΑΝΔΡΑ,ΜΑΝΔΡΑΣ,ΔΥΤΙΚΗΣ ΑΤΤΙΚΗΣ,ΑΤΤΙΚΗΣ,ΠΡΩΤ. ΔΗΜΟΥ
20003,ΑΓΙΟΙ ΘΕΟΔΩΡΟΙ,ΑΓΙΩΝ ΘΕΟΔΩΡΩΝ,ΚΟΡΙΝΘΙΑΣ,ΠΕΛΟΠΟΝΝΗΣΟΥ,ΠΡΩΤ. ΔΗΜΟΥ
20004,ΣΟΦΙΚΟ,ΣΟΛΥΓΕΙΑΣ,ΚΟΡΙΝΘΙΑΣ,ΠΕΛΟΠΟΝΝΗΣΟΥ,ΠΡΩΤ. ΔΗΜΟΥ
20004,ΣΟΦΙΚΟ,ΣΟΛΥΓΕΙΑΣ,ΚΟΡΙΝΘΙΑΣ,ΠΕΛΟΠΟΝΝΗΣΟΥ,ΠΡΩΤ. ΔΗΜΟΥ
20005,ΑΘΙΚΙΑ,ΣΑΡΩΝΙΚΟΥ,ΚΟΡΙΝΘΙΑΣ,ΠΕΛΟΠΟΝΝΗΣΟΥ,ΠΡΩΤ. ΔΗΜΟΥ
20006,ΒΡΑΧΑΤΙ,ΒΟΧΑΣ,ΚΟΡΙΝΘΙΑΣ,ΠΕΛΟΠΟΝΝΗΣΟΥ,ΠΡΩΤ. ΔΗΜ. ΔΙΑΜΕΡ.
20009,ΔΕΡΒΕΝΙ,ΕΥΡΩΣΤΙΝΗΣ,ΚΟΡΙΝΘΙΑΣ,ΠΕΛΟΠΟΝΝΗΣΟΥ,ΠΡΩΤ. ΔΗΜΟΥ
20011,ΛΕΧΑΙΟ,ΑΣΣΟΥ - ΛΕΧΑΙΟΥ,ΚΟΡΙΝΘΙΑΣ,ΠΕΛΟΠΟΝΝΗΣΟΥ,ΠΡΩΤ. ΔΗΜ. ΔΙΑΜΕΡ.
20014,ΓΚΟΥΡΑ,ΦΕΝΕΟΥ,ΚΟΡΙΝΘΙΑΣ,ΠΕΛΟΠΟΝΝΗΣΟΥ,ΠΡΩΤ. ΔΗΜΟΥ
20131,ΚΟΡΙΝΘΟΣ,ΚΟΡΙΝΘΙΩΝ,ΚΟΡΙΝΘΙΑΣ,ΠΕΛΟΠΟΝΝΗΣΟΥ,ΠΡΩΤ. ΝΟΜΟΥ
20132,ΚΟΡΙΝΘΟΣ,ΚΟΡΙΝΘΙΩΝ,ΚΟΡΙΝΘΙΑΣ,ΠΕΛΟΠΟΝΝΗΣΟΥ,ΠΡΩΤ. ΝΟΜΟΥ
20150,ΠΑΡΑΔΕΙΣΟΣ,ΛΟΥΤΡΑΚΙΟΥ - ΠΕΡΑΧΩΡΑΣ,ΚΟΡΙΝΘΙΑΣ,ΠΕΛΟΠΟΝΝΗΣΟΥ,
20150,ΑΡΧΑΙΑ ΚΟΡΙΝΘΟΣ,ΚΟΡΙΝΘΙΩΝ,ΚΟΡΙΝΘΙΑΣ,ΠΕΛΟΠΟΝΝΗΣΟΥ,ΠΡΩΤ. ΔΗΜ. ΔΙΑΜΕΡ.
20200,ΚΙΑΤΟ,ΣΙΚΥΩΝΙΩΝ,ΚΟΡΙΝΘΙΑΣ,ΠΕΛΟΠΟΝΝΗΣΟΥ,ΠΡΩΤ. ΔΗΜΟΥ
20300,ΛΟΥΤΡΑΚΙ,ΛΟΥΤΡΑΚΙΟΥ - ΠΕΡΑΧΩΡΑΣ,ΚΟΡΙΝΘΙΑΣ,ΠΕΛΟΠΟΝΝΗΣΟΥ,ΠΡΩΤ. ΔΗΜΟΥ
20300,ΛΟΥΤΡΑΚΙ,ΛΟΥΤΡΑΚΙΟΥ - ΠΕΡΑΧΩΡΑΣ,ΚΟΡΙΝΘΙΑΣ,ΠΕΛΟΠΟΝΝΗΣΟΥ,ΠΡΩΤ. ΔΗΜΟΥ
20400,ΞΥΛΟΚΑΣΤΡΟ,ΞΥΛΟΚΑΣΤΡΟΥ,ΚΟΡΙΝΘΙΑΣ,ΠΕΛΟΠΟΝΝΗΣΟΥ,ΠΡΩΤ. ΔΗΜΟΥ
20500,ΝΕΜΕΑ,ΝΕΜΕΑΣ,ΚΟΡΙΝΘΙΑΣ,ΠΕΛΟΠΟΝΝΗΣΟΥ,ΠΡΩΤ. ΔΗΜΟΥ
21051,ΕΡΜΙΟΝΗ,ΕΡΜΙΟΝΗΣ,ΑΡΓΟΛΙΔΟΣ,ΠΕΛΟΠΟΝΝΗΣΟΥ,ΠΡΩΤ. ΔΗΜΟΥ
21052,ΛΥΓΟΥΡΙΟ,ΑΣΚΛΗΠΙΕΙΟΥ,ΑΡΓΟΛΙΔΟΣ,ΠΕΛΟΠΟΝΝΗΣΟΥ,ΠΡΩΤ. ΔΗΜΟΥ
21055,ΑΓΙΑ ΤΡΙΑΔΑ,ΜΙΔΕΑΣ,ΑΡΓΟΛΙΔΟΣ,ΠΕΛΟΠΟΝΝΗΣΟΥ,ΠΡΩΤ. ΔΗΜΟΥ
21056,ΤΟΛΟ,ΑΣΙΝΗΣ,ΑΡΓΟΛΙΔΟΣ,ΠΕΛΟΠΟΝΝΗΣΟΥ,ΠΡΩΤ. ΔΗΜ. ΔΙΑΜΕΡ.
21056,ΤΟΛΟ,ΑΣΙΝΗΣ,ΑΡΓΟΛΙΔΟΣ,ΠΕΛΟΠΟΝΝΗΣΟΥ,ΠΡΩΤ. ΔΗΜ. ΔΙΑΜΕΡ.
21056,ΤΟΛΟ,ΑΣΙΝΗΣ,ΑΡΓΟΛΙΔΟΣ,ΠΕΛΟΠΟΝΝΗΣΟΥ,ΠΡΩΤ. ΔΗΜ. ΔΙΑΜΕΡ.
21056,ΤΟΛΟ,ΑΣΙΝΗΣ,ΑΡΓΟΛΙΔΟΣ,ΠΕΛΟΠΟΝΝΗΣΟΥ,ΠΡΩΤ. ΔΗΜ. ΔΙΑΜΕΡ.
21056,ΤΟΛΟ,ΑΣΙΝΗΣ,ΑΡΓΟΛΙΔΟΣ,ΠΕΛΟΠΟΝΝΗΣΟΥ,ΠΡΩΤ. ΔΗΜ. ΔΙΑΜΕΡ.
21059,ΑΡΧΑΙΑ ΕΠΙΔΑΥΡΟΣ,ΕΠΙΔΑΥΡΟΥ,ΑΡΓΟΛΙΔΟΣ,ΠΕΛΟΠΟΝΝΗΣΟΥ,ΠΡΩΤ. ΔΗΜΟΥ
21100,ΝΑΥΠΛΙΟ,ΝΑΥΠΛΙΕΩΝ,ΑΡΓΟΛΙΔΟΣ,ΠΕΛΟΠΟΝΝΗΣΟΥ,ΠΡΩΤ. ΝΟΜΟΥ
21100,ΝΑΥΠΛΙΟ,ΝΑΥΠΛΙΕΩΝ,ΑΡΓΟΛΙΔΟΣ,ΠΕΛΟΠΟΝΝΗΣΟΥ,ΠΡΩΤ. ΝΟΜΟΥ
21231,ΑΡΓΟΣ,ΑΡΓΟΥΣ,ΑΡΓΟΛΙΔΟΣ,ΠΕΛΟΠΟΝΝΗΣΟΥ,ΠΡΩΤ. ΔΗΜΟΥ
21232,ΑΡΓΟΣ,ΑΡΓΟΥΣ,ΑΡΓΟΛΙΔΟΣ,ΠΕΛΟΠΟΝΝΗΣΟΥ,ΠΡΩΤ. ΔΗΜΟΥ
21250,ΝΕΑ ΚΙΟΣ,ΝΕΑΣ ΚΙΟΥ,ΑΡΓΟΛΙΔΟΣ,ΠΕΛΟΠΟΝΝΗΣΟΥ,ΠΡΩΤ. ΔΗΜΟΥ
21300,ΚΡΑΝΙΔΙ,ΚΡΑΝΙΔΙΟΥ,ΑΡΓΟΛΙΔΟΣ,ΠΕΛΟΠΟΝΝΗΣΟΥ,ΠΡΩΤ. ΔΗΜΟΥ
21300,ΚΡΑΝΙΔΙ,ΚΡΑΝΙΔΙΟΥ,ΑΡΓΟΛΙΔΟΣ,ΠΕΛΟΠΟΝΝΗΣΟΥ,ΠΡΩΤ. ΔΗΜΟΥ
21300,ΚΡΑΝΙΔΙ,ΚΡΑΝΙΔΙΟΥ,ΑΡΓΟΛΙΔΟΣ,ΠΕΛΟΠΟΝΝΗΣΟΥ,ΠΡΩΤ. ΔΗΜΟΥ
22001,ΑΣΤΡΟΣ,ΒΟΡΕΙΑΣ ΚΥΝΟΥΡΙΑΣ,ΑΡΚΑΔΙΑΣ,ΠΕΛΟΠΟΝΝΗΣΟΥ,ΠΡΩΤ. ΔΗΜΟΥ
22002,ΛΕΒΙΔΙ,ΛΕΒΙΔΙΟΥ,ΑΡΚΑΔΙΑΣ,ΠΕΛΟΠΟΝΝΗΣΟΥ,ΠΡΩΤ. ΔΗΜΟΥ
22007,ΔΗΜΗΤΣΑΝΑ,ΔΗΜΗΤΣΑΝΑΣ,ΑΡΚΑΔΙΑΣ,ΠΕΛΟΠΟΝΝΗΣΟΥ,ΠΡΩΤ. ΔΗΜΟΥ
22008,ΤΡΟΠΑΙΑ,ΤΡΟΠΑΙΩΝ,ΑΡΚΑΔΙΑΣ,ΠΕΛΟΠΟΝΝΗΣΟΥ,ΠΡΩΤ. ΔΗΜΟΥ
22010,ΒΥΤΙΝΑ,ΒΥΤΙΝΑΣ,ΑΡΚΑΔΙΑΣ,ΠΕΛΟΠΟΝΝΗΣΟΥ,ΠΡΩΤ. ΔΗΜΟΥ
22012,ΣΤΑΔΙΟ,ΤΕΓΕΑΣ,ΑΡΚΑΔΙΑΣ,ΠΕΛΟΠΟΝΝΗΣΟΥ,ΠΡΩΤ. ΔΗΜΟΥ
22015,ΚΟΝΤΟΒΑΖΑΙΝΑ,ΚΟΝΤΟΒΑΖΑΙΝΗΣ,ΑΡΚΑΔΙΑΣ,ΠΕΛΟΠΟΝΝΗΣΟΥ,ΠΡΩΤ. ΔΗΜΟΥ
22024,ΜΟΝΗ ΑΓΙΟΥ ΙΩΑΝΝΟΥ ΠΡΟΔΡΟΜΟΥ,ΤΡΙΚΟΛΩΝΩΝ,ΑΡΚΑΔΙΑΣ,ΠΕΛΟΠΟΝΝΗΣΟΥ,
22027,ΑΣΕΑ,ΒΑΛΤΕΤΣΙΟΥ,ΑΡΚΑΔΙΑΣ,ΠΕΛΟΠΟΝΝΗΣΟΥ,ΠΡΩΤ. ΔΗΜΟΥ
22029,ΠΑΡΑΛΙΑ ΤΥΡΟΥ,ΤΥΡΟΥ,ΑΡΚΑΔΙΑΣ,ΠΕΛΟΠΟΝΝΗΣΟΥ,
22131,ΤΡΙΠΟΛΗ,ΤΡΙΠΟΛΗΣ,ΑΡΚΑΔΙΑΣ,ΠΕΛΟΠΟΝΝΗΣΟΥ,ΠΡΩΤ. ΠΕΡΙΦΕΡΕΙΑΣ
22132,ΤΡΙΠΟΛΗ,ΤΡΙΠΟΛΗΣ,ΑΡΚΑΔΙΑΣ,ΠΕΛΟΠΟΝΝΗΣΟΥ,ΠΡΩΤ. ΠΕΡΙΦΕΡΕΙΑΣ
22150,ΑΓΙΟΣ ΚΩΝΣΤΑΝΤΙΝΟΣ,ΤΡΙΠΟΛΗΣ,ΑΡΚΑΔΙΑΣ,ΠΕΛΟΠΟΝΝΗΣΟΥ,ΠΡΩΤ. ΔΗΜ. ΔΙΑΜΕΡ.
22200,ΜΕΓΑΛΟΠΟΛΗ,ΜΕΓΑΛΟΠΟΛΗΣ,ΑΡΚΑΔΙΑΣ,ΠΕΛΟΠΟΝΝΗΣΟΥ,ΠΡΩΤ. ΔΗΜΟΥ
22300,ΛΕΩΝΙΔΙΟ,ΛΕΩΝΙΔΙΟΥ,ΑΡΚΑΔΙΑΣ,ΠΕΛΟΠΟΝΝΗΣΟΥ,ΠΡΩΤ. ΔΗΜΟΥ
23051,ΣΚΑΛΑ,ΣΚΑΛΑΣ,ΛΑΚΩΝΙΑΣ,ΠΕΛΟΠΟΝΝΗΣΟΥ,ΠΡΩΤ. ΔΗΜΟΥ
23052,ΜΟΛΑΟΙ,ΜΟΛΑΩΝ,ΛΑΚΩΝΙΑΣ,ΠΕΛΟΠΟΝΝΗΣΟΥ,ΠΡΩΤ. ΔΗΜΟΥ
23053,ΝΕΑΠΟΛΗ ΒΟΙΩΝ,ΒΟΪΩΝ,ΛΑΚΩΝΙΑΣ,ΠΕΛΟΠΟΝΝΗΣΟΥ,ΠΡΩΤ. ΔΗΜΟΥ
23053,ΝΕΑΠΟΛΗ ΒΟΙΩΝ,ΒΟΪΩΝ,ΛΑΚΩΝΙΑΣ,ΠΕΛΟΠΟΝΝΗΣΟΥ,ΠΡΩΤ. ΔΗΜΟΥ
23058,ΓΕΡΑΚΙ,ΓΕΡΟΝΘΡΩΝ,ΛΑΚΩΝΙΑΣ,ΠΕΛΟΠΟΝΝΗΣΟΥ,ΠΡΩΤ. ΔΗΜΟΥ
23062,ΑΡΕΟΠΟΛΗ,ΟΙΤΥΛΟΥ,ΛΑΚΩΝΙΑΣ,ΠΕΛΟΠΟΝΝΗΣΟΥ,ΠΡΩΤ. ΔΗΜΟΥ
23070,ΓΕΦΥΡΑ,ΜΟΝΕΜΒΑΣΙΑΣ,ΛΑΚΩΝΙΑΣ,ΠΕΛΟΠΟΝΝΗΣΟΥ,
23100,ΣΠΑΡΤΗ,ΣΠΑΡΤΗΣ,ΛΑΚΩΝΙΑΣ,ΠΕΛΟΠΟΝΝΗΣΟΥ,ΠΡΩΤ. ΝΟΜΟΥ
23150,ΜΑΓΟΥΛΑ,ΜΥΣΤΡΑ,ΛΑΚΩΝΙΑΣ,ΠΕΛΟΠΟΝΝΗΣΟΥ,ΠΡΩΤ. ΔΗΜΟΥ
23200,ΓΥΘΕΙΟ,ΓΥΘΕΙΟΥ,ΛΑΚΩΝΙΑΣ,ΠΕΛΟΠΟΝΝΗΣΟΥ,ΠΡΩΤ. ΔΗΜΟΥ
24001,ΠΥΛΟΣ,ΠΥΛΟΥ,ΜΕΣΣΗΝΙΑΣ,ΠΕΛΟΠΟΝΝΗΣΟΥ,ΠΡΩΤ. ΔΗΜΟΥ
24001,ΠΥΛΟΣ,ΠΥΛΟΥ,ΜΕΣΣΗΝΙΑΣ,ΠΕΛΟΠΟΝΝΗΣΟΥ,ΠΡΩΤ. ΔΗΜΟΥ
24001,ΠΥΛΟΣ,ΠΥΛΟΥ,ΜΕΣΣΗΝΙΑΣ,ΠΕΛΟΠΟΝΝΗΣΟΥ,ΠΡΩΤ. ΔΗΜΟΥ
24001,ΠΥΛΟΣ,ΠΥΛΟΥ,ΜΕΣΣΗΝΙΑΣ,ΠΕΛΟΠΟΝΝΗΣΟΥ,ΠΡΩΤ. ΔΗΜΟΥ
24001,ΠΥΛΟΣ,ΠΥΛΟΥ,ΜΕΣΣΗΝΙΑΣ,ΠΕΛΟΠΟΝΝΗΣΟΥ,ΠΡΩΤ. ΔΗΜΟΥ
24002,ΜΕΛΙΓΑΛΑΣ,ΜΕΛΙΓΑΛΑ,ΜΕΣΣΗΝΙΑΣ,ΠΕΛΟΠΟΝΝΗΣΟΥ,ΠΡΩΤ. ΔΗΜΟΥ
24004,ΚΟΡΩΝΗ,ΚΟΡΩΝΗΣ,ΜΕΣΣΗΝΙΑΣ,ΠΕΛΟΠΟΝΝΗΣΟΥ,ΠΡΩΤ. ΔΗΜΟΥ
24005,ΠΕΤΑΛΙΔΙ,ΠΕΤΑΛΙΔΙΟΥ,ΜΕΣΣΗΝΙΑΣ,ΠΕΛΟΠΟΝΝΗΣΟΥ,ΠΡΩΤ. ΔΗΜΟΥ
24006,ΜΕΘΩΝΗ,ΜΕΘΩΝΗΣ,ΜΕΣΣΗΝΙΑΣ,ΠΕΛΟΠΟΝΝΗΣΟΥ,ΠΡΩΤ. ΔΗΜΟΥ
24008,ΔΙΑΒΟΛΙΤΣΙ,ΑΝΔΑΝΙΑΣ,ΜΕΣΣΗΝΙΑΣ,ΠΕΛΟΠΟΝΝΗΣΟΥ,ΠΡΩΤ. ΔΗΜΟΥ
24009,ΑΡΦΑΡΑ,ΑΡΦΑΡΩΝ,ΜΕΣΣΗΝΙΑΣ,ΠΕΛΟΠΟΝΝΗΣΟΥ,ΠΡΩΤ. ΔΗΜΟΥ
24011,ΔΩΡΙΟ,ΔΩΡΙΟΥ,ΜΕΣΣΗΝΙΑΣ,ΠΕΛΟΠΟΝΝΗΣΟΥ,ΠΡΩΤ. ΔΗΜΟΥ
24024,ΣΤΟΥΠΑ,ΛΕΥΚΤΡΟΥ,ΜΕΣΣΗΝΙΑΣ,ΠΕΛΟΠΟΝΝΗΣΟΥ,
24131,ΚΑΛΑΜΑΤΑ,ΚΑΛΑΜΑΤΑΣ,ΜΕΣΣΗΝΙΑΣ,ΠΕΛΟΠΟΝΝΗΣΟΥ,ΠΡΩΤ. ΝΟΜΟΥ
24132,ΚΑΛΑΜΑΤΑ,ΚΑΛΑΜΑΤΑΣ,ΜΕΣΣΗΝΙΑΣ,ΠΕΛΟΠΟΝΝΗΣΟΥ,ΠΡΩΤ. ΝΟΜΟΥ
24133,ΚΑΛΑΜΑΤΑ,ΚΑΛΑΜΑΤΑΣ,ΜΕΣΣΗΝΙΑΣ,ΠΕΛΟΠΟΝΝΗΣΟΥ,ΠΡΩΤ. ΝΟΜΟΥ
24134,ΚΑΛΑΜΑΤΑ,ΚΑΛΑΜΑΤΑΣ,ΜΕΣΣΗΝΙΑΣ,ΠΕΛΟΠΟΝΝΗΣΟΥ,ΠΡΩΤ. ΝΟΜΟΥ
24150,ΠΑΡΑΛΙΑ ΒΕΡΓΑΣ,ΚΑΛΑΜΑΤΑΣ,ΜΕΣΣΗΝΙΑΣ,ΠΕΛΟΠΟΝΝΗΣΟΥ,ΠΡΩΤ. ΔΗΜ. ΔΙΑΜΕΡ.
24200,ΜΕΣΣΗΝΗ,ΜΕΣΣΗΝΗΣ,ΜΕΣΣΗΝΙΑΣ,ΠΕΛΟΠΟΝΝΗΣΟΥ,ΠΡΩΤ. ΔΗΜΟΥ
24300,ΦΙΛΙΑΤΡΑ,ΦΙΛΙΑΤΡΩΝ,ΜΕΣΣΗΝΙΑΣ,ΠΕΛΟΠΟΝΝΗΣΟΥ,ΠΡΩΤ. ΔΗΜΟΥ
24400,ΓΑΡΓΑΛΙΑΝΟΙ,ΓΑΡΓΑΛΙΑΝΩΝ,ΜΕΣΣΗΝΙΑΣ,ΠΕΛΟΠΟΝΝΗΣΟΥ,ΠΡΩΤ. ΔΗΜΟΥ
24400,ΓΑΡΓΑΛΙΑΝΟΙ,ΓΑΡΓΑΛΙΑΝΩΝ,ΜΕΣΣΗΝΙΑΣ,ΠΕΛΟΠΟΝΝΗΣΟΥ,ΠΡΩΤ. ΔΗΜΟΥ
24500,ΚΥΠΑΡΙΣΣΙΑ,ΚΥΠΑΡΙΣΣΙΑΣ,ΜΕΣΣΗΝΙΑΣ,ΠΕΛΟΠΟΝΝΗΣΟΥ,ΠΡΩΤ. ΔΗΜΟΥ
25001,ΚΑΛΑΒΡΥΤΑ,ΚΑΛΑΒΡΥΤΩΝ,ΑΧΑΪΑΣ,ΔΥΤΙΚΗΣ ΕΛΛΑΔΑΣ,ΠΡΩΤ. ΔΗΜΟΥ
25002,ΒΡΑΧΝΑΙΙΚΑ,ΒΡΑΧΝΑΙΙΚΩΝ,ΑΧΑΪΑΣ,ΔΥΤΙΚΗΣ ΕΛΛΑΔΑΣ,ΠΡΩΤ. ΔΗΜΟΥ
25003,ΔΙΑΚΟΠΤΟ,ΔΙΑΚΟΠΤΟΥ,ΑΧΑΪΑΣ,ΔΥΤΙΚΗΣ ΕΛΛΑΔΑΣ,ΠΡΩΤ. ΔΗΜΟΥ
25004,ΔΑΦΝΗ,ΠΑΪΩΝ,ΑΧΑΪΑΣ,ΔΥΤΙΚΗΣ ΕΛΛΑΔΑΣ,ΠΡΩΤ. ΔΗΜΟΥ
25006,ΑΚΡΑΤΑ,ΑΚΡΑΤΑΣ,ΑΧΑΪΑΣ,ΔΥΤΙΚΗΣ ΕΛΛΑΔΑΣ,ΠΡΩΤ. ΔΗΜΟΥ
25007,ΚΛΕΙΤΟΡΙΑ,ΛΕΥΚΑΣΙΟΥ,ΑΧΑΪΑΣ,ΔΥΤΙΚΗΣ ΕΛΛΑΔΑΣ,ΠΡΩΤ. ΔΗΜΟΥ
25008,ΧΑΛΑΝΔΡΙΤΣΑ,ΦΑΡΡΩΝ,ΑΧΑΪΑΣ,ΔΥΤΙΚΗΣ ΕΛΛΑΔΑΣ,ΠΡΩΤ. ΔΗΜΟΥ
25015,ΣΤΑΥΡΟΔΡΟΜΙ,ΤΡΙΤΑΙΑΣ,ΑΧΑΪΑΣ,ΔΥΤΙΚΗΣ ΕΛΛΑΔΑΣ,ΠΡΩΤ. ΔΗΜΟΥ
25100,ΑΙΓΙΟ,ΑΙΓΙΟΥ,ΑΧΑΪΑΣ,ΔΥΤΙΚΗΣ ΕΛΛΑΔΑΣ,ΠΡΩΤ. ΔΗΜΟΥ
25200,ΚΑΤΩ ΑΧΑΙΑ,ΔΥΜΗΣ,ΑΧΑΪΑΣ,ΔΥΤΙΚΗΣ ΕΛΛΑΔΑΣ,ΠΡΩΤ. ΔΗΜΟΥ
26221,ΠΑΤΡΑ,ΠΑΤΡΕΩΝ,ΑΧΑΪΑΣ,ΔΥΤΙΚΗΣ ΕΛΛΑΔΑΣ,ΠΡΩΤ. ΠΕΡΙΦΕΡΕΙΑΣ
26222,ΠΑΤΡΑ,ΠΑΤΡΕΩΝ,ΑΧΑΪΑΣ,ΔΥΤΙΚΗΣ ΕΛΛΑΔΑΣ,ΠΡΩΤ. ΠΕΡΙΦΕΡΕΙΑΣ
26223,ΠΑΤΡΑ,ΠΑΤΡΕΩΝ,ΑΧΑΪΑΣ,ΔΥΤΙΚΗΣ ΕΛΛΑΔΑΣ,ΠΡΩΤ. ΠΕΡΙΦΕΡΕΙΑΣ
26224,ΠΑΤΡΑ,ΠΑΤΡΕΩΝ,ΑΧΑΪΑΣ,ΔΥΤΙΚΗΣ ΕΛΛΑΔΑΣ,ΠΡΩΤ. ΠΕΡΙΦΕΡΕΙΑΣ
26225,ΠΑΤΡΑ,ΠΑΤΡΕΩΝ,ΑΧΑΪΑΣ,ΔΥΤΙΚΗΣ ΕΛΛΑΔΑΣ,ΠΡΩΤ. ΠΕΡΙΦΕΡΕΙΑΣ
26226,ΠΑΤΡΑ,ΠΑΤΡΕΩΝ,ΑΧΑΪΑΣ,ΔΥΤΙΚΗΣ ΕΛΛΑΔΑΣ,ΠΡΩΤ. ΠΕΡΙΦΕΡΕΙΑΣ
26331,ΠΑΤΡΑ,ΠΑΤΡΕΩΝ,ΑΧΑΪΑΣ,ΔΥΤΙΚΗΣ ΕΛΛΑΔΑΣ,ΠΡΩΤ. ΠΕΡΙΦΕΡΕΙΑΣ
26332,ΠΑΤΡΑ,ΠΑΤΡΕΩΝ,ΑΧΑΪΑΣ,ΔΥΤΙΚΗΣ ΕΛΛΑΔΑΣ,ΠΡΩΤ. ΠΕΡΙΦΕΡΕΙΑΣ
26333,ΠΑΤΡΑ,ΠΑΤΡΕΩΝ,ΑΧΑΪΑΣ,ΔΥΤΙΚΗΣ ΕΛΛΑΔΑΣ,ΠΡΩΤ. ΠΕΡΙΦΕΡΕΙΑΣ
26333,ΠΑΤΡΑ,ΠΑΤΡΕΩΝ,ΑΧΑΪΑΣ,ΔΥΤΙΚΗΣ ΕΛΛΑΔΑΣ,ΠΡΩΤ. ΠΕΡΙΦΕΡΕΙΑΣ
26334,ΟΒΡΙΑ,ΜΕΣΣΑΤΙΔΟΣ,ΑΧΑΪΑΣ,ΔΥΤΙΚΗΣ ΕΛΛΑΔΑΣ,ΠΡΩΤ. ΔΗΜΟΥ
26335,ΠΑΤΡΑ,ΠΑΤΡΕΩΝ,ΑΧΑΪΑΣ,ΔΥΤΙΚΗΣ ΕΛΛΑΔΑΣ,ΠΡΩΤ. ΠΕΡΙΦΕΡΕΙΑΣ
26336,ΠΑΤΡΑ,ΠΑΤΡΕΩΝ,ΑΧΑΪΑΣ,ΔΥΤΙΚΗΣ ΕΛΛΑΔΑΣ,ΠΡΩΤ. ΠΕΡΙΦΕΡΕΙΑΣ
26441,ΠΑΤΡΑ,ΠΑΤΡΕΩΝ,ΑΧΑΪΑΣ,ΔΥΤΙΚΗΣ ΕΛΛΑΔΑΣ,ΠΡΩΤ. ΠΕΡΙΦΕΡΕΙΑΣ
26442,ΠΑΤΡΑ,ΠΑΤΡΕΩΝ,ΑΧΑΪΑΣ,ΔΥΤΙΚΗΣ ΕΛΛΑΔΑΣ,ΠΡΩΤ. ΠΕΡΙΦΕΡΕΙΑΣ
26443,ΠΑΤΡΑ,ΠΑΤΡΕΩΝ,ΑΧΑΪΑΣ,ΔΥΤΙΚΗΣ ΕΛΛΑΔΑΣ,ΠΡΩΤ. ΠΕΡΙΦΕΡΕΙΑΣ
26443,ΠΑΤΡΑ,ΠΑΤΡΕΩΝ,ΑΧΑΪΑΣ,ΔΥΤΙΚΗΣ ΕΛΛΑΔΑΣ,ΠΡΩΤ. ΠΕΡΙΦΕΡΕΙΑΣ
26500,ΠΑΡΑΛΙΑ,ΠΑΡΑΛΙΑΣ,ΑΧΑΪΑΣ,ΔΥΤΙΚΗΣ ΕΛΛΑΔΑΣ,ΠΡΩΤ. ΔΗΜΟΥ
27050,ΒΑΡΘΟΛΟΜΙΟ,ΒΑΡΘΟΛΟΜΙΟΥ,ΗΛΕΙΑΣ,ΔΥΤΙΚΗΣ ΕΛΛΑΔΑΣ,ΠΡΩΤ. ΔΗΜΟΥ
27051,ΑΝΔΡΑΒΙΔΑ,ΑΝΔΡΑΒΙΔΑΣ,ΗΛΕΙΑΣ,ΔΥΤΙΚΗΣ ΕΛΛΑΔΑΣ,ΠΡΩΤ. ΔΗΜΟΥ
27052,ΒΑΡΔΑ,ΒΟΥΠΡΑΣΙΑΣ,ΗΛΕΙΑΣ,ΔΥΤΙΚΗΣ ΕΛΛΑΔΑΣ,ΠΡΩΤ. ΔΗΜΟΥ
27053,ΛΕΧΑΙΝΑ,ΛΕΧΑΙΝΩΝ,ΗΛΕΙΑΣ,ΔΥΤΙΚΗΣ ΕΛΛΑΔΑΣ,ΠΡΩΤ. ΔΗΜΟΥ
27053,ΛΕΧΑΙΝΑ,ΛΕΧΑΙΝΩΝ,ΗΛΕΙΑΣ,ΔΥΤΙΚΗΣ ΕΛΛΑΔΑΣ,ΠΡΩΤ. ΔΗΜΟΥ
27054,ΖΑΧΑΡΩ,ΖΑΧΑΡΩΣ,ΗΛΕΙΑΣ,ΔΥΤΙΚΗΣ ΕΛΛΑΔΑΣ,ΠΡΩΤ. ΔΗΜΟΥ
27055,ΚΡΕΣΤΕΝΑ,ΣΚΙΛΛΟΥΝΤΟΣ,ΗΛΕΙΑΣ,ΔΥΤΙΚΗΣ ΕΛΛΑΔΑΣ,ΠΡΩΤ. ΔΗΜΟΥ
27056,ΝΕΑ ΦΙΓΑΛΕΙΑ,ΦΙΓΑΛΕΙΑΣ,ΗΛΕΙΑΣ,ΔΥΤΙΚΗΣ ΕΛΛΑΔΑΣ,ΠΡΩΤ. ΔΗΜΟΥ
27061,ΑΝΔΡΙΤΣΑΙΝΑ,ΑΝΔΡΙΤΣΑΙΝΗΣ,ΗΛΕΙΑΣ,ΔΥΤΙΚΗΣ ΕΛΛΑΔΑΣ,ΠΡΩΤ. ΔΗΜΟΥ
27063,ΠΑΝΟΠΟΥΛΟΣ,ΛΑΣΙΩΝΟΣ,ΗΛΕΙΑΣ,ΔΥΤΙΚΗΣ ΕΛΛΑΔΑΣ,ΠΡΩΤ. ΔΗΜΟΥ
27064,ΚΑΡΑΤΟΥΛΑΣ,ΩΛΕΝΗΣ,ΗΛΕΙΑΣ,ΔΥΤΙΚΗΣ ΕΛΛΑΔΑΣ,ΠΡΩΤ. ΔΗΜΟΥ
27065,ΑΡΧΑΙΑ ΟΛΥΜΠΙΑ,ΑΡΧΑΙΑΣ ΟΛΥΜΠΙΑΣ,ΗΛΕΙΑΣ,ΔΥΤΙΚΗΣ ΕΛΛΑΔΑΣ,ΠΡΩΤ. ΔΗΜΟΥ
27066,ΛΑΛΑΣ,ΦΟΛΟΗΣ,ΗΛΕΙΑΣ,ΔΥΤΙΚΗΣ ΕΛΛΑΔΑΣ,ΠΡΩΤ. ΔΗΜΟΥ
27067,ΚΑΤΑΚΟΛΟ,ΠΥΡΓΟΥ,ΗΛΕΙΑΣ,ΔΥΤΙΚΗΣ ΕΛΛΑΔΑΣ,ΠΡΩΤ. ΔΗΜ. ΔΙΑΜΕΡ.
27069,ΣΙΜΟΠΟΥΛΟ,ΠΗΝΕΙΑΣ,ΗΛΕΙΑΣ,ΔΥΤΙΚΗΣ ΕΛΛΑΔΑΣ,ΠΡΩΤ. ΔΗΜΟΥ
27131,ΠΥΡΓΟΣ,ΠΥΡΓΟΥ,ΗΛΕΙΑΣ,ΔΥΤΙΚΗΣ ΕΛΛΑΔΑΣ,ΠΡΩΤ. ΝΟΜΟΥ
27150,ΕΠΙΤΑΛΙΟ,ΒΩΛΑΚΟΣ,ΗΛΕΙΑΣ,ΔΥΤΙΚΗΣ ΕΛΛΑΔΑΣ,ΠΡΩΤ. ΔΗΜΟΥ
27200,ΑΜΑΛΙΑΔΑ,ΑΜΑΛΙΑΔΑΣ,ΗΛΕΙΑΣ,ΔΥΤΙΚΗΣ ΕΛΛΑΔΑΣ,ΠΡΩΤ. ΔΗΜΟΥ
27300,ΓΑΣΤΟΥΝΗ,ΓΑΣΤΟΥΝΗΣ,ΗΛΕΙΑΣ,ΔΥΤΙΚΗΣ ΕΛΛΑΔΑΣ,ΠΡΩΤ. ΔΗΜΟΥ
28080,ΣΑΜΗ,ΣΑΜΗΣ,ΚΕΦΑΛΛΗΝΙΑΣ,ΙΟΝΙΩΝ ΝΗΣΩΝ,ΠΡΩΤ. ΔΗΜΟΥ
28084,ΒΑΣΙΛΙΚΙΑΔΕΣ,ΕΡΙΣΟΥ,ΚΕΦΑΛΛΗΝΙΑΣ,ΙΟΝΙΩΝ ΝΗΣΩΝ,ΠΡΩΤ. ΔΗΜΟΥ
28084,ΒΑΣΙΛΙΚΙΑΔΕΣ,ΕΡΙΣΟΥ,ΚΕΦΑΛΛΗΝΙΑΣ,ΙΟΝΙΩΝ ΝΗΣΩΝ,ΠΡΩΤ. ΔΗΜΟΥ
28086,ΠΟΡΟΣ,ΕΛΕΙΟΥ - ΠΡΟΝΩΝ,ΚΕΦΑΛΛΗΝΙΑΣ,ΙΟΝΙΩΝ ΝΗΣΩΝ,ΠΡΩΤ. ΔΗΜ. ΔΙΑΜΕΡ.
28100,ΑΡΓΟΣΤΟΛΙ,ΑΡΓΟΣΤΟΛΙΟΥ,ΚΕΦΑΛΛΗΝΙΑΣ,ΙΟΝΙΩΝ ΝΗΣΩΝ,ΠΡΩΤ. ΝΟΜΟΥ
28200,ΛΗΞΟΥΡΙ,ΠΑΛΙΚΗΣ,ΚΕΦΑΛΛΗΝΙΑΣ,ΙΟΝΙΩΝ ΝΗΣΩΝ,ΠΡΩΤ. ΔΗΜΟΥ
28200,ΛΗΞΟΥΡΙ,ΠΑΛΙΚΗΣ,ΚΕΦΑΛΛΗΝΙΑΣ,ΙΟΝΙΩΝ ΝΗΣΩΝ,ΠΡΩΤ. ΔΗΜΟΥ
28300,ΙΘΑΚΗ,ΙΘΑΚΗΣ,ΚΕΦΑΛΛΗΝΙΑΣ,ΙΟΝΙΩΝ ΝΗΣΩΝ,ΠΡΩΤ. ΔΗΜΟΥ
28300,ΙΘΑΚΗ,ΙΘΑΚΗΣ,ΚΕΦΑΛΛΗΝΙΑΣ,ΙΟΝΙΩΝ ΝΗΣΩΝ,ΠΡΩΤ. ΔΗΜΟΥ
28300,ΙΘΑΚΗ,ΙΘΑΚΗΣ,ΚΕΦΑΛΛΗΝΙΑΣ,ΙΟΝΙΩΝ ΝΗΣΩΝ,ΠΡΩΤ. ΔΗΜΟΥ
28300,ΙΘΑΚΗ,ΙΘΑΚΗΣ,ΚΕΦΑΛΛΗΝΙΑΣ,ΙΟΝΙΩΝ ΝΗΣΩΝ,ΠΡΩΤ. ΔΗΜΟΥ
28300,ΙΘΑΚΗ,ΙΘΑΚΗΣ,ΚΕΦΑΛΛΗΝΙΑΣ,ΙΟΝΙΩΝ ΝΗΣΩΝ,ΠΡΩΤ. ΔΗΜΟΥ
28300,ΙΘΑΚΗ,ΙΘΑΚΗΣ,ΚΕΦΑΛΛΗΝΙΑΣ,ΙΟΝΙΩΝ ΝΗΣΩΝ,ΠΡΩΤ. ΔΗΜΟΥ
28300,ΙΘΑΚΗ,ΙΘΑΚΗΣ,ΚΕΦΑΛΛΗΝΙΑΣ,ΙΟΝΙΩΝ ΝΗΣΩΝ,ΠΡΩΤ. ΔΗΜΟΥ
28300,ΙΘΑΚΗ,ΙΘΑΚΗΣ,ΚΕΦΑΛΛΗΝΙΑΣ,ΙΟΝΙΩΝ ΝΗΣΩΝ,ΠΡΩΤ. ΔΗΜΟΥ
28300,ΙΘΑΚΗ,ΙΘΑΚΗΣ,ΚΕΦΑΛΛΗΝΙΑΣ,ΙΟΝΙΩΝ ΝΗΣΩΝ,ΠΡΩΤ. ΔΗΜΟΥ
28300,ΙΘΑΚΗ,ΙΘΑΚΗΣ,ΚΕΦΑΛΛΗΝΙΑΣ,ΙΟΝΙΩΝ ΝΗΣΩΝ,ΠΡΩΤ. ΔΗΜΟΥ
28300,ΙΘΑΚΗ,ΙΘΑΚΗΣ,ΚΕΦΑΛΛΗΝΙΑΣ,ΙΟΝΙΩΝ ΝΗΣΩΝ,ΠΡΩΤ. ΔΗΜΟΥ
28300,ΙΘΑΚΗ,ΙΘΑΚΗΣ,ΚΕΦΑΛΛΗΝΙΑΣ,ΙΟΝΙΩΝ ΝΗΣΩΝ,ΠΡΩΤ. ΔΗΜΟΥ
28300,ΙΘΑΚΗ,ΙΘΑΚΗΣ,ΚΕΦΑΛΛΗΝΙΑΣ,ΙΟΝΙΩΝ ΝΗΣΩΝ,ΠΡΩΤ. ΔΗΜΟΥ
28300,ΙΘΑΚΗ,ΙΘΑΚΗΣ,ΚΕΦΑΛΛΗΝΙΑΣ,ΙΟΝΙΩΝ ΝΗΣΩΝ,ΠΡΩΤ. ΔΗΜΟΥ
28300,ΙΘΑΚΗ,ΙΘΑΚΗΣ,ΚΕΦΑΛΛΗΝΙΑΣ,ΙΟΝΙΩΝ ΝΗΣΩΝ,ΠΡΩΤ. ΔΗΜΟΥ
28300,ΙΘΑΚΗ,ΙΘΑΚΗΣ,ΚΕΦΑΛΛΗΝΙΑΣ,ΙΟΝΙΩΝ ΝΗΣΩΝ,ΠΡΩΤ. ΔΗΜΟΥ
28300,ΙΘΑΚΗ,ΙΘΑΚΗΣ,ΚΕΦΑΛΛΗΝΙΑΣ,ΙΟΝΙΩΝ ΝΗΣΩΝ,ΠΡΩΤ. ΔΗΜΟΥ
28300,ΙΘΑΚΗ,ΙΘΑΚΗΣ,ΚΕΦΑΛΛΗΝΙΑΣ,ΙΟΝΙΩΝ ΝΗΣΩΝ,ΠΡΩΤ. ΔΗΜΟΥ
28300,ΙΘΑΚΗ,ΙΘΑΚΗΣ,ΚΕΦΑΛΛΗΝΙΑΣ,ΙΟΝΙΩΝ ΝΗΣΩΝ,ΠΡΩΤ. ΔΗΜΟΥ
28300,ΙΘΑΚΗ,ΙΘΑΚΗΣ,ΚΕΦΑΛΛΗΝΙΑΣ,ΙΟΝΙΩΝ ΝΗΣΩΝ,ΠΡΩΤ. ΔΗΜΟΥ
28300,ΙΘΑΚΗ,ΙΘΑΚΗΣ,ΚΕΦΑΛΛΗΝΙΑΣ,ΙΟΝΙΩΝ ΝΗΣΩΝ,ΠΡΩΤ. ΔΗΜΟΥ
28300,ΙΘΑΚΗ,ΙΘΑΚΗΣ,ΚΕΦΑΛΛΗΝΙΑΣ,ΙΟΝΙΩΝ ΝΗΣΩΝ,ΠΡΩΤ. ΔΗΜΟΥ
28300,ΙΘΑΚΗ,ΙΘΑΚΗΣ,ΚΕΦΑΛΛΗΝΙΑΣ,ΙΟΝΙΩΝ ΝΗΣΩΝ,ΠΡΩΤ. ΔΗΜΟΥ
29090,ΚΑΤΑΣΤΑΡΙ,ΑΛΥΚΩΝ,ΖΑΚΥΝΘΟΥ,ΙΟΝΙΩΝ ΝΗΣΩΝ,ΠΡΩΤ. ΔΗΜΟΥ
29090,ΚΑΤΑΣΤΑΡΙ,ΑΛΥΚΩΝ,ΖΑΚΥΝΘΟΥ,ΙΟΝΙΩΝ ΝΗΣΩΝ,ΠΡΩΤ. ΔΗΜΟΥ
29090,ΚΑΤΑΣΤΑΡΙ,ΑΛΥΚΩΝ,ΖΑΚΥΝΘΟΥ,ΙΟΝΙΩΝ ΝΗΣΩΝ,ΠΡΩΤ. ΔΗΜΟΥ
29092,ΠΑΝΤΟΚΡΑΤΩΡ,ΛΑΓΑΝΑ,ΖΑΚΥΝΘΟΥ,ΙΟΝΙΩΝ ΝΗΣΩΝ,ΠΡΩΤ. ΔΗΜΟΥ
29092,ΠΑΝΤΟΚΡΑΤΩΡ,ΛΑΓΑΝΑ,ΖΑΚΥΝΘΟΥ,ΙΟΝΙΩΝ ΝΗΣΩΝ,ΠΡΩΤ. ΔΗΜΟΥ
29092,ΠΑΝΤΟΚΡΑΤΩΡ,ΛΑΓΑΝΑ,ΖΑΚΥΝΘΟΥ,ΙΟΝΙΩΝ ΝΗΣΩΝ,ΠΡΩΤ. ΔΗΜΟΥ
29100,ΖΑΚΥΝΘΟΣ,ΖΑΚΥΝΘΙΩΝ,ΖΑΚΥΝΘΟΥ,ΙΟΝΙΩΝ ΝΗΣΩΝ,ΠΡΩΤ. ΝΟΜΟΥ
29100,ΖΑΚΥΝΘΟΣ,ΖΑΚΥΝΘΙΩΝ,ΖΑΚΥΝΘΟΥ,ΙΟΝΙΩΝ ΝΗΣΩΝ,ΠΡΩΤ. ΝΟΜΟΥ
30001,ΝΕΟΧΩΡΙ,ΟΙΝΙΑΔΩΝ,ΑΙΤΩΛΟΑΚΑΡΝΑΝΙΑΣ,ΔΥΤΙΚΗΣ ΕΛΛΑΔΑΣ,ΠΡΩΤ. ΔΗΜΟΥ
30001,ΝΕΟΧΩΡΙ,ΟΙΝΙΑΔΩΝ,ΑΙΤΩΛΟΑΚΑΡΝΑΝΙΑΣ,ΔΥΤΙΚΗΣ ΕΛΛΑΔΑΣ,ΠΡΩΤ. ΔΗΜΟΥ
30001,ΝΕΟΧΩΡΙ,ΟΙΝΙΑΔΩΝ,ΑΙΤΩΛΟΑΚΑΡΝΑΝΙΑΣ,ΔΥΤΙΚΗΣ ΕΛΛΑΔΑΣ,ΠΡΩΤ. ΔΗΜΟΥ
30001,ΝΕΟΧΩΡΙ,ΟΙΝΙΑΔΩΝ,ΑΙΤΩΛΟΑΚΑΡΝΑΝΙΑΣ,ΔΥΤΙΚΗΣ ΕΛΛΑΔΑΣ,ΠΡΩΤ. ΔΗΜΟΥ
30001,ΝΕΟΧΩΡΙ,ΟΙΝΙΑΔΩΝ,ΑΙΤΩΛΟΑΚΑΡΝΑΝΙΑΣ,ΔΥΤΙΚΗΣ ΕΛΛΑΔΑΣ,ΠΡΩΤ. ΔΗΜΟΥ
30001,ΝΕΟΧΩΡΙ,ΟΙΝΙΑΔΩΝ,ΑΙΤΩΛΟΑΚΑΡΝΑΝΙΑΣ,ΔΥΤΙΚΗΣ ΕΛΛΑΔΑΣ,ΠΡΩΤ. ΔΗΜΟΥ
30001,ΝΕΟΧΩΡΙ,ΟΙΝΙΑΔΩΝ,ΑΙΤΩΛΟΑΚΑΡΝΑΝΙΑΣ,ΔΥΤΙΚΗΣ ΕΛΛΑΔΑΣ,ΠΡΩΤ. ΔΗΜΟΥ
30002,ΒΟΝΙΤΣΑ,ΑΝΑΚΤΟΡΙΟΥ,ΑΙΤΩΛΟΑΚΑΡΝΑΝΙΑΣ,ΔΥΤΙΚΗΣ ΕΛΛΑΔΑΣ,ΠΡΩΤ. ΔΗΜΟΥ
30003,ΠΑΝΑΙΤΩΛΙΟ,ΘΕΣΤΙΕΩΝ,ΑΙΤΩΛΟΑΚΑΡΝΑΝΙΑΣ,ΔΥΤΙΚΗΣ ΕΛΛΑΔΑΣ,ΠΡΩΤ. ΔΗΜ. ΔΙΑΜΕΡ.
30004,ΚΑΤΟΥΝΑ,ΜΕΔΕΩΝΟΣ,ΑΙΤΩΛΟΑΚΑΡΝΑΝΙΑΣ,ΔΥΤΙΚΗΣ ΕΛΛΑΔΑΣ,ΠΡΩΤ. ΔΗΜΟΥ
30005,ΚΑΙΝΟΥΡΓΙΟ,ΘΕΣΤΙΕΩΝ,ΑΙΤΩΛΟΑΚΑΡΝΑΝΙΑΣ,ΔΥΤΙΚΗΣ ΕΛΛΑΔΑΣ,ΠΡΩΤ. ΔΗΜΟΥ
30006,ΑΣΤΑΚΟΣ,ΑΣΤΑΚΟΥ,ΑΙΤΩΛΟΑΚΑΡΝΑΝΙΑΣ,ΔΥΤΙΚΗΣ ΕΛΛΑΔΑΣ,ΠΡΩΤ. ΔΗΜΟΥ
30008,ΘΕΡΜΟ,ΘΕΡΜΟΥ,ΑΙΤΩΛΟΑΚΑΡΝΑΝΙΑΣ,ΔΥΤΙΚΗΣ ΕΛΛΑΔΑΣ,ΠΡΩΤ. ΔΗΜΟΥ
30009,ΦΥΤΕΙΕΣ,ΦΥΤΕΙΩΝ,ΑΙΤΩΛΟΑΚΑΡΝΑΝΙΑΣ,ΔΥΤΙΚΗΣ ΕΛΛΑΔΑΣ,ΠΡΩΤ. ΔΗΜΟΥ
30010,ΠΑΡΑΒΟΛΑ,ΠΑΡΑΒΟΛΑΣ,ΑΙΤΩΛΟΑΚΑΡΝΑΝΙΑΣ,ΔΥΤΙΚΗΣ ΕΛΛΑΔΑΣ,ΠΡΩΤ. ΔΗΜΟΥ
30011,ΠΑΠΠΑΔΑΤΕΣ,ΑΡΑΚΥΝΘΟΥ,ΑΙΤΩΛΟΑΚΑΡΝΑΝΙΑΣ,ΔΥΤΙΚΗΣ ΕΛΛΑΔΑΣ,ΠΡΩΤ. ΔΗΜΟΥ
30012,ΠΑΛΑΙΡΟΣ,ΠΑΛΑΙΡΟΥ,ΑΙΤΩΛΟΑΚΑΡΝΑΝΙΑΣ,ΔΥΤΙΚΗΣ ΕΛΛΑΔΑΣ,ΠΡΩΤ. ΔΗΜΟΥ
30012,ΠΑΛΑΙΡΟΣ,ΠΑΛΑΙΡΟΥ,ΑΙΤΩΛΟΑΚΑΡΝΑΝΙΑΣ,ΔΥΤΙΚΗΣ ΕΛΛΑΔΑΣ,ΠΡΩΤ. ΔΗΜΟΥ
30014,ΓΑΛΑΤΑΣ,ΧΑΛΚΕΙΑΣ,ΑΙΤΩΛΟΑΚΑΡΝΑΝΙΑΣ,ΔΥΤΙΚΗΣ ΕΛΛΑΔΑΣ,ΠΡΩΤ. ΔΗΜ. ΔΙΑΜΕΡ.
30015,ΓΑΒΑΛΟΥ,ΜΑΚΡΥΝΕΙΑΣ,ΑΙΤΩΛΟΑΚΑΡΝΑΝΙΑΣ,ΔΥΤΙΚΗΣ ΕΛΛΑΔΑΣ,ΠΡΩΤ. ΔΗΜΟΥ
30017,ΝΕΟ ΧΑΛΚΙΟΠΟΥΛΟ,ΙΝΑΧΟΥ,ΑΙΤΩΛΟΑΚΑΡΝΑΝΙΑΣ,ΔΥΤΙΚΗΣ ΕΛΛΑΔΑΣ,ΠΡΩΤ. ΔΗΜΟΥ
30019,ΚΑΝΔΗΛΑ,ΑΛΥΖΙΑΣ,ΑΙΤΩΛΟΑΚΑΡΝΑΝΙΑΣ,ΔΥΤΙΚΗΣ ΕΛΛΑΔΑΣ,ΠΡΩΤ. ΔΗΜΟΥ
30019,ΚΑΝΔΗΛΑ,ΑΛΥΖΙΑΣ,ΑΙΤΩΛΟΑΚΑΡΝΑΝΙΑΣ,ΔΥΤΙΚΗΣ ΕΛΛΑΔΑΣ,ΠΡΩΤ. ΔΗΜΟΥ
30019,ΚΑΝΔΗΛΑ,ΑΛΥΖΙΑΣ,ΑΙΤΩΛΟΑΚΑΡΝΑΝΙΑΣ,ΔΥΤΙΚΗΣ ΕΛΛΑΔΑΣ,ΠΡΩΤ. ΔΗΜΟΥ
30020,ΑΝΤΙΡΡΙΟ,ΑΝΤΙΡΡΙΟΥ,ΑΙΤΩΛΟΑΚΑΡΝΑΝΙΑΣ,ΔΥΤΙΚΗΣ ΕΛΛΑΔΑΣ,ΠΡΩΤ. ΔΗΜΟΥ
30021,ΑΝΩ ΑΓΙΟΣ ΒΛΑΣΙΟΣ,ΠΑΡΑΚΑΜΠΥΛΙΩΝ,ΑΙΤΩΛΟΑΚΑΡΝΑΝΙΑΣ,ΔΥΤΙΚΗΣ ΕΛΛΑΔΑΣ,ΠΡΩΤ. ΔΗΜΟΥ
30022,ΠΛΑΤΑΝΟΣ,ΠΛΑΤΑΝΟΥ,ΑΙΤΩΛΟΑΚΑΡΝΑΝΙΑΣ,ΔΥΤΙΚΗΣ ΕΛΛΑΔΑΣ,ΠΡΩΤ. ΔΗΜΟΥ
30023,ΑΝΩ ΧΩΡΑ,ΑΠΟΔΟΤΙΑΣ,ΑΙΤΩΛΟΑΚΑΡΝΑΝΙΑΣ,ΔΥΤΙΚΗΣ ΕΛΛΑΔΑΣ,ΠΡΩΤ. ΔΗΜΟΥ
30027,ΑΓΙΟΣ ΚΩΝΣΤΑΝΤΙΝΟΣ,ΑΓΡΙΝΙΟΥ,ΑΙΤΩΛΟΑΚΑΡΝΑΝΙΑΣ,ΔΥΤΙΚΗΣ ΕΛΛΑΔΑΣ,ΠΡΩΤ. ΔΗΜ. ΔΙΑΜΕΡ.
30131,ΑΓΡΙΝΙΟ,ΑΓΡΙΝΙΟΥ,ΑΙΤΩΛΟΑΚΑΡΝΑΝΙΑΣ,ΔΥΤΙΚΗΣ ΕΛΛΑΔΑΣ,ΠΡΩΤ. ΔΗΜΟΥ
30132,ΑΓΡΙΝΙΟ,ΑΓΡΙΝΙΟΥ,ΑΙΤΩΛΟΑΚΑΡΝΑΝΙΑΣ,ΔΥΤΙΚΗΣ ΕΛΛΑΔΑΣ,ΠΡΩΤ. ΔΗΜΟΥ
30133,ΑΓΡΙΝΙΟ,ΑΓΡΙΝΙΟΥ,ΑΙΤΩΛΟΑΚΑΡΝΑΝΙΑΣ,ΔΥΤΙΚΗΣ ΕΛΛΑΔΑΣ,ΠΡΩΤ. ΔΗΜΟΥ
30150,ΛΕΠΕΝΟΥ,ΣΤΡΑΤΟΥ,ΑΙΤΩΛΟΑΚΑΡΝΑΝΙΑΣ,ΔΥΤΙΚΗΣ ΕΛΛΑΔΑΣ,ΠΡΩΤ. ΔΗΜ. ΔΙΑΜΕΡ.
30200,ΜΕΣΟΛΟΓΓΙ,ΙΕΡΑΣ ΠΟΛΗΣ ΜΕΣΟΛΟΓΓΙΟΥ,ΑΙΤΩΛΟΑΚΑΡΝΑΝΙΑΣ,ΔΥΤΙΚΗΣ ΕΛΛΑΔΑΣ,ΠΡΩΤ. ΝΟΜΟΥ
30200,ΜΕΣΟΛΟΓΓΙ,ΙΕΡΑΣ ΠΟΛΗΣ ΜΕΣΟΛΟΓΓΙΟΥ,ΑΙΤΩΛΟΑΚΑΡΝΑΝΙΑΣ,ΔΥΤΙΚΗΣ ΕΛΛΑΔΑΣ,ΠΡΩΤ. ΝΟΜΟΥ
30200,ΜΕΣΟΛΟΓΓΙ,ΙΕΡΑΣ ΠΟΛΗΣ ΜΕΣΟΛΟΓΓΙΟΥ,ΑΙΤΩΛΟΑΚΑΡΝΑΝΙΑΣ,ΔΥΤΙΚΗΣ ΕΛΛΑΔΑΣ,ΠΡΩΤ. ΝΟΜΟΥ
30200,ΜΕΣΟΛΟΓΓΙ,ΙΕΡΑΣ ΠΟΛΗΣ ΜΕΣΟΛΟΓΓΙΟΥ,ΑΙΤΩΛΟΑΚΑΡΝΑΝΙΑΣ,ΔΥΤΙΚΗΣ ΕΛΛΑΔΑΣ,ΠΡΩΤ. ΝΟΜΟΥ
30200,ΜΕΣΟΛΟΓΓΙ,ΙΕΡΑΣ ΠΟΛΗΣ ΜΕΣΟΛΟΓΓΙΟΥ,ΑΙΤΩΛΟΑΚΑΡΝΑΝΙΑΣ,ΔΥΤΙΚΗΣ ΕΛΛΑΔΑΣ,ΠΡΩΤ. ΝΟΜΟΥ
30300,ΝΑΥΠΑΚΤΟΣ,ΝΑΥΠΑΚΤΟΥ,ΑΙΤΩΛΟΑΚΑΡΝΑΝΙΑΣ,ΔΥΤΙΚΗΣ ΕΛΛΑΔΑΣ,ΠΡΩΤ. ΔΗΜΟΥ
30400,ΑΙΤΩΛΙΚΟ,ΑΙΤΩΛΙΚΟΥ,ΑΙΤΩΛΟΑΚΑΡΝΑΝΙΑΣ,ΔΥΤΙΚΗΣ ΕΛΛΑΔΑΣ,ΠΡΩΤ. ΔΗΜΟΥ
30500,ΑΜΦΙΛΟΧΙΑ,ΑΜΦΙΛΟΧΙΑΣ,ΑΙΤΩΛΟΑΚΑΡΝΑΝΙΑΣ,ΔΥΤΙΚΗΣ ΕΛΛΑΔΑΣ,ΠΡΩΤ. ΔΗΜΟΥ
30500,ΑΜΦΙΛΟΧΙΑ,ΑΜΦΙΛΟΧΙΑΣ,ΑΙΤΩΛΟΑΚΑΡΝΑΝΙΑΣ,ΔΥΤΙΚΗΣ ΕΛΛΑΔΑΣ,ΠΡΩΤ. ΔΗΜΟΥ
31080,ΚΑΡΥΑ,ΚΑΡΥΑΣ,ΛΕΥΚΑΔΟΣ,ΙΟΝΙΩΝ ΝΗΣΩΝ,ΠΡΩΤ. ΔΗΜΟΥ
31082,ΒΑΣΙΛΙΚΗ,ΑΠΟΛΛΩΝΙΩΝ,ΛΕΥΚΑΔΟΣ,ΙΟΝΙΩΝ ΝΗΣΩΝ,ΠΡΩΤ. ΔΗΜΟΥ
31084,ΚΑΤΩΜΕΡΙ,ΜΕΓΑΝΗΣΙΟΥ,ΛΕΥΚΑΔΟΣ,ΙΟΝΙΩΝ ΝΗΣΩΝ,ΠΡΩΤ. ΔΗΜΟΥ
31100,ΛΕΥΚΑΔΑ,ΛΕΥΚΑΔΟΣ,ΛΕΥΚΑΔΟΣ,ΙΟΝΙΩΝ ΝΗΣΩΝ,ΠΡΩΤ. ΝΟΜΟΥ
31100,ΛΕΥΚΑΔΑ,ΛΕΥΚΑΔΟΣ,ΛΕΥΚΑΔΟΣ,ΙΟΝΙΩΝ ΝΗΣΩΝ,ΠΡΩΤ. ΝΟΜΟΥ
31100,ΛΕΥΚΑΔΑ,ΛΕΥΚΑΔΟΣ,ΛΕΥΚΑΔΟΣ,ΙΟΝΙΩΝ ΝΗΣΩΝ,ΠΡΩΤ. ΝΟΜΟΥ
31100,ΛΕΥΚΑΔΑ,ΛΕΥΚΑΔΟΣ,ΛΕΥΚΑΔΟΣ,ΙΟΝΙΩΝ ΝΗΣΩΝ,ΠΡΩΤ. ΝΟΜΟΥ
31100,ΛΕΥΚΑΔΑ,ΛΕΥΚΑΔΟΣ,ΛΕΥΚΑΔΟΣ,ΙΟΝΙΩΝ ΝΗΣΩΝ,ΠΡΩΤ. ΝΟΜΟΥ
32001,ΑΛΙΑΡΤΟΣ,ΑΛΙΑΡΤΟΥ,ΒΟΙΩΤΙΑΣ,ΣΤΕΡΕΑΣ ΕΛΛΑΔΑ,ΠΡΩΤ. ΔΗΜΟΥ
32003,ΠΑΡΑΛΙΑ ΔΙΣΤΟΜΟΥ,ΔΙΣΤΟΜΟΥ,ΒΟΙΩΤΙΑΣ,ΣΤΕΡΕΑΣ ΕΛΛΑΔΑ,
32004,ΑΡΑΧΟΒΑ,ΑΡΑΧΟΒΗΣ,ΒΟΙΩΤΙΑΣ,ΣΤΕΡΕΑΣ ΕΛΛΑΔΑ,ΠΡΩΤ. ΔΗΜΟΥ
32005,ΔΙΣΤΟΜΟ,ΔΙΣΤΟΜΟΥ,ΒΟΙΩΤΙΑΣ,ΣΤΕΡΕΑΣ ΕΛΛΑΔΑ,ΠΡΩΤ. ΔΗΜΟΥ
32006,ΚΥΡΙΑΚΙ,ΚΥΡΙΑΚΙΟΥ,ΒΟΙΩΤΙΑΣ,ΣΤΕΡΕΑΣ ΕΛΛΑΔΑ,ΠΡΩΤ. ΚΟΙΝΟΤΗΤΑΣ
32009,ΣΧΗΜΑΤΑΡΙ,ΣΧΗΜΑΤΑΡΙΟΥ,ΒΟΙΩΤΙΑΣ,ΣΤΕΡΕΑΣ ΕΛΛΑΔΑ,ΠΡΩΤ. ΔΗΜΟΥ
32131,ΛΙΒΑΔΕΙΑ,ΛΕΒΑΔΕΩΝ,ΒΟΙΩΤΙΑΣ,ΣΤΕΡΕΑΣ ΕΛΛΑΔΑ,ΠΡΩΤ. ΝΟΜΟΥ
32150,ΑΓΙΟΣ ΓΕΩΡΓΙΟΣ,ΚΟΡΩΝΕΙΑΣ,ΒΟΙΩΤΙΑΣ,ΣΤΕΡΕΑΣ ΕΛΛΑΔΑ,ΠΡΩΤ. ΔΗΜΟΥ
32200,ΘΗΒΑ,ΘΗΒΑΙΩΝ,ΒΟΙΩΤΙΑΣ,ΣΤΕΡΕΑΣ ΕΛΛΑΔΑ,ΠΡΩΤ. ΔΗΜΟΥ
32300,ΟΡΧΟΜΕΝΟΣ,ΟΡΧΟΜΕΝΟΥ,ΒΟΙΩΤΙΑΣ,ΣΤΕΡΕΑΣ ΕΛΛΑΔΑ,ΠΡΩΤ. ΔΗΜΟΥ
33053,ΛΙΔΟΡΙΚΙ,ΛΙΔΟΡΙΚΙΟΥ,ΦΩΚΙΔΟΣ,ΣΤΕΡΕΑΣ ΕΛΛΑΔΑ,ΠΡΩΤ. ΔΗΜΟΥ
33054,ΔΕΛΦΟΙ,ΔΕΛΦΩΝ,ΦΩΚΙΔΟΣ,ΣΤΕΡΕΑΣ ΕΛΛΑΔΑ,ΠΡΩΤ. ΔΗΜΟΥ
33056,ΕΥΠΑΛΙΟ,ΕΥΠΑΛΙΟΥ,ΦΩΚΙΔΟΣ,ΣΤΕΡΕΑΣ ΕΛΛΑΔΑ,ΠΡΩΤ. ΔΗΜΟΥ
33057,ΓΡΑΒΙΑ,ΓΡΑΒΙΑΣ,ΦΩΚΙΔΟΣ,ΣΤΕΡΕΑΣ ΕΛΛΑΔΑ,ΠΡΩΤ. ΔΗΜΟΥ
33058,ΕΡΑΤΕΙΝΗ,ΤΟΛΟΦΩΝΟΣ,ΦΩΚΙΔΟΣ,ΣΤΕΡΕΑΣ ΕΛΛΑΔΑ,ΠΡΩΤ. ΔΗΜΟΥ
33058,ΕΡΑΤΕΙΝΗ,ΤΟΛΟΦΩΝΟΣ,ΦΩΚΙΔΟΣ,ΣΤΕΡΕΑΣ ΕΛΛΑΔΑ,ΠΡΩΤ. ΔΗΜΟΥ
33058,ΕΡΑΤΕΙΝΗ,ΤΟΛΟΦΩΝΟΣ,ΦΩΚΙΔΟΣ,ΣΤΕΡΕΑΣ ΕΛΛΑΔΑ,ΠΡΩΤ. ΔΗΜΟΥ
33058,ΕΡΑΤΕΙΝΗ,ΤΟΛΟΦΩΝΟΣ,ΦΩΚΙΔΟΣ,ΣΤΕΡΕΑΣ ΕΛΛΑΔΑ,ΠΡΩΤ. ΔΗΜΟΥ
33058,ΕΡΑΤΕΙΝΗ,ΤΟΛΟΦΩΝΟΣ,ΦΩΚΙΔΟΣ,ΣΤΕΡΕΑΣ ΕΛΛΑΔΑ,ΠΡΩΤ. ΔΗΜΟΥ
33100,ΑΜΦΙΣΣΑ,ΑΜΦΙΣΣΗΣ,ΦΩΚΙΔΟΣ,ΣΤΕΡΕΑΣ ΕΛΛΑΔΑ,ΠΡΩΤ. ΝΟΜΟΥ
33200,ΙΤΕΑ,ΙΤΕΑΣ,ΦΩΚΙΔΟΣ,ΣΤΕΡΕΑΣ ΕΛΛΑΔΑ,ΠΡΩΤ. ΔΗΜΟΥ
33200,ΙΤΕΑ,ΙΤΕΑΣ,ΦΩΚΙΔΟΣ,ΣΤΕΡΕΑΣ ΕΛΛΑΔΑ,ΠΡΩΤ. ΔΗΜΟΥ
33200,ΙΤΕΑ,ΙΤΕΑΣ,ΦΩΚΙΔΟΣ,ΣΤΕΡΕΑΣ ΕΛΛΑΔΑ,ΠΡΩΤ. ΔΗΜΟΥ
33200,ΙΤΕΑ,ΙΤΕΑΣ,ΦΩΚΙΔΟΣ,ΣΤΕΡΕΑΣ ΕΛΛΑΔΑ,ΠΡΩΤ. ΔΗΜΟΥ
33200,ΙΤΕΑ,ΙΤΕΑΣ,ΦΩΚΙΔΟΣ,ΣΤΕΡΕΑΣ ΕΛΛΑΔΑ,ΠΡΩΤ. ΔΗΜΟΥ
34001,ΚΑΡΥΣΤΟΣ,ΚΑΡΥΣΤΟΥ,ΕΥΒΟΙΑΣ,ΣΤΕΡΕΑΣ ΕΛΛΑΔΑ,ΠΡΩΤ. ΔΗΜΟΥ
34001,ΚΑΡΥΣΤΟΣ,ΚΑΡΥΣΤΟΥ,ΕΥΒΟΙΑΣ,ΣΤΕΡΕΑΣ ΕΛΛΑΔΑ,ΠΡΩΤ. ΔΗΜΟΥ
34002,ΒΑΣΙΛΙΚΟ,ΛΗΛΑΝΤΙΩΝ,ΕΥΒΟΙΑΣ,ΣΤΕΡΕΑΣ ΕΛΛΑΔΑ,ΠΡΩΤ. ΔΗΜΟΥ
34003,ΚΥΜΗ,ΚΥΜΗΣ,ΕΥΒΟΙΑΣ,ΣΤΕΡΕΑΣ ΕΛΛΑΔΑ,ΠΡΩΤ. ΔΗΜΟΥ
34003,ΚΥΜΗ,ΚΥΜΗΣ,ΕΥΒΟΙΑΣ,ΣΤΕΡΕΑΣ ΕΛΛΑΔΑ,ΠΡΩΤ. ΔΗΜΟΥ
34004,ΜΑΝΤΟΥΔΙ,ΚΗΡΕΩΣ,ΕΥΒΟΙΑΣ,ΣΤΕΡΕΑΣ ΕΛΛΑΔΑ,ΠΡΩΤ. ΔΗΜΟΥ
34005,ΛΙΜΝΗ,ΕΛΥΜΝΙΩΝ,ΕΥΒΟΙΑΣ,ΣΤΕΡΕΑΣ ΕΛΛΑΔΑ,ΠΡΩΤ. ΔΗΜΟΥ
34006,ΑΜΑΡΥΝΘΟΣ,ΑΜΑΡΥΝΘΙΩΝ,ΕΥΒΟΙΑΣ,ΣΤΕΡΕΑΣ ΕΛΛΑΔΑ,ΠΡΩΤ. ΔΗΜΟΥ
34007,ΣΚΥΡΟΣ,ΣΚΥΡΟΥ,ΕΥΒΟΙΑΣ,ΣΤΕΡΕΑΣ ΕΛΛΑΔΑ,ΠΡΩΤ. ΔΗΜΟΥ
34007,ΣΚΥΡΟΣ,ΣΚΥΡΟΥ,ΕΥΒΟΙΑΣ,ΣΤΕΡΕΑΣ ΕΛΛΑΔΑ,ΠΡΩΤ. ΔΗΜΟΥ
34007,ΣΚΥΡΟΣ,ΣΚΥΡΟΥ,ΕΥΒΟΙΑΣ,ΣΤΕΡΕΑΣ ΕΛΛΑΔΑ,ΠΡΩΤ. ΔΗΜΟΥ
34007,ΣΚΥΡΟΣ,ΣΚΥΡΟΥ,ΕΥΒΟΙΑΣ,ΣΤΕΡΕΑΣ ΕΛΛΑΔΑ,ΠΡΩΤ. ΔΗΜΟΥ
34007,ΣΚΥΡΟΣ,ΣΚΥΡΟΥ,ΕΥΒΟΙΑΣ,ΣΤΕΡΕΑΣ ΕΛΛΑΔΑ,ΠΡΩΤ. ΔΗΜΟΥ
34007,ΣΚΥΡΟΣ,ΣΚΥΡΟΥ,ΕΥΒΟΙΑΣ,ΣΤΕΡΕΑΣ ΕΛΛΑΔΑ,ΠΡΩΤ. ΔΗΜΟΥ
34008,ΕΡΕΤΡΙΑ,ΕΡΕΤΡΙΑΣ,ΕΥΒΟΙΑΣ,ΣΤΕΡΕΑΣ ΕΛΛΑΔΑ,ΠΡΩΤ. ΔΗΜΟΥ
34008,ΕΡΕΤΡΙΑ,ΕΡΕΤΡΙΑΣ,ΕΥΒΟΙΑΣ,ΣΤΕΡΕΑΣ ΕΛΛΑΔΑ,ΠΡΩΤ. ΔΗΜΟΥ
34009,ΑΥΛΩΝΑΡΙ,ΑΥΛΩΝΟΣ,ΕΥΒΟΙΑΣ,ΣΤΕΡΕΑΣ ΕΛΛΑΔΑ,ΠΡΩΤ. ΔΗΜΟΥ
34013,ΜΑΡΜΑΡΙ,ΜΑΡΜΑΡΙΟΥ,ΕΥΒΟΙΑΣ,ΣΤΕΡΕΑΣ ΕΛΛΑΔΑ,ΠΡΩΤ. ΔΗΜΟΥ
34013,ΜΑΡΜΑΡΙ,ΜΑΡΜΑΡΙΟΥ,ΕΥΒΟΙΑΣ,ΣΤΕΡΕΑΣ ΕΛΛΑΔΑ,ΠΡΩΤ. ΔΗΜΟΥ
34013,ΜΑΡΜΑΡΙ,ΜΑΡΜΑΡΙΟΥ,ΕΥΒΟΙΑΣ,ΣΤΕΡΕΑΣ ΕΛΛΑΔΑ,ΠΡΩΤ. ΔΗΜΟΥ
34013,ΜΑΡΜΑΡΙ,ΜΑΡΜΑΡΙΟΥ,ΕΥΒΟΙΑΣ,ΣΤΕΡΕΑΣ ΕΛΛΑΔΑ,ΠΡΩΤ. ΔΗΜΟΥ
34015,ΝΕΑ ΣΤΥΡΑ,ΣΤΥΡΕΩΝ,ΕΥΒΟΙΑΣ,ΣΤΕΡΕΑΣ ΕΛΛΑΔΑ,ΠΡΩΤ. ΔΗΜ. ΔΙΑΜΕΡ.
34015,ΝΕΑ ΣΤΥΡΑ,ΣΤΥΡΕΩΝ,ΕΥΒΟΙΑΣ,ΣΤΕΡΕΑΣ ΕΛΛΑΔΑ,ΠΡΩΤ. ΔΗΜ. ΔΙΑΜΕΡ.
34015,ΝΕΑ ΣΤΥΡΑ,ΣΤΥΡΕΩΝ,ΕΥΒΟΙΑΣ,ΣΤΕΡΕΑΣ ΕΛΛΑΔΑ,ΠΡΩΤ. ΔΗΜ. ΔΙΑΜΕΡ.
34015,ΝΕΑ ΣΤΥΡΑ,ΣΤΥΡΕΩΝ,ΕΥΒΟΙΑΣ,ΣΤΕΡΕΑΣ ΕΛΛΑΔΑ,ΠΡΩΤ. ΔΗΜ. ΔΙΑΜΕΡ.
34131,ΧΑΛΚΙΔΑ,ΧΑΛΚΙΔΕΩΝ,ΕΥΒΟΙΑΣ,ΣΤΕΡΕΑΣ ΕΛΛΑΔΑ,ΠΡΩΤ. ΝΟΜΟΥ
34132,ΧΑΛΚΙΔΑ,ΧΑΛΚΙΔΕΩΝ,ΕΥΒΟΙΑΣ,ΣΤΕΡΕΑΣ ΕΛΛΑΔΑ,ΠΡΩΤ. ΝΟΜΟΥ
34133,ΧΑΛΚΙΔΑ,ΧΑΛΚΙΔΕΩΝ,ΕΥΒΟΙΑΣ,ΣΤΕΡΕΑΣ ΕΛΛΑΔΑ,ΠΡΩΤ. ΝΟΜΟΥ
34150,ΔΡΟΣΙΑ,ΑΝΘΗΔΩΝΟΣ,ΕΥΒΟΙΑΣ,ΣΤΕΡΕΑΣ ΕΛΛΑΔΑ,ΠΡΩΤ. ΔΗΜΟΥ
34150,ΑΓΙΟΣ ΝΙΚΟΛΑΟΣ,ΛΗΛΑΝΤΙΩΝ,ΕΥΒΟΙΑΣ,ΣΤΕΡΕΑΣ ΕΛΛΑΔΑ,ΠΡΩΤ. ΔΗΜ. ΔΙΑΜΕΡ.
34150,ΔΡΟΣΙΑ,ΑΝΘΗΔΩΝΟΣ,ΕΥΒΟΙΑΣ,ΣΤΕΡΕΑΣ ΕΛΛΑΔΑ,ΠΡΩΤ. ΔΗΜΟΥ
34150,ΔΡΟΣΙΑ,ΑΝΘΗΔΩΝΟΣ,ΕΥΒΟΙΑΣ,ΣΤΕΡΕΑΣ ΕΛΛΑΔΑ,ΠΡΩΤ. ΔΗΜΟΥ
34200,ΙΣΤΙΑΙΑ,ΙΣΤΙΑΙΑΣ,ΕΥΒΟΙΑΣ,ΣΤΕΡΕΑΣ ΕΛΛΑΔΑ,ΠΡΩΤ. ΔΗΜΟΥ
34200,ΙΣΤΙΑΙΑ,ΙΣΤΙΑΙΑΣ,ΕΥΒΟΙΑΣ,ΣΤΕΡΕΑΣ ΕΛΛΑΔΑ,ΠΡΩΤ. ΔΗΜΟΥ
34300,ΛΟΥΤΡΑ ΑΙΔΗΨΟΥ,ΑΙΔΗΨΟΥ,ΕΥΒΟΙΑΣ,ΣΤΕΡΕΑΣ ΕΛΛΑΔΑ,ΠΡΩΤ. ΔΗΜΟΥ
34300,ΛΟΥΤΡΑ ΑΙΔΗΨΟΥ,ΑΙΔΗΨΟΥ,ΕΥΒΟΙΑΣ,ΣΤΕΡΕΑΣ ΕΛΛΑΔΑ,ΠΡΩΤ. ΔΗΜΟΥ
34300,ΛΟΥΤΡΑ ΑΙΔΗΨΟΥ,ΑΙΔΗΨΟΥ,ΕΥΒΟΙΑΣ,ΣΤΕΡΕΑΣ ΕΛΛΑΔΑ,ΠΡΩΤ. ΔΗΜΟΥ
34400,ΨΑΧΝΑ,ΜΕΣΣΑΠΙΩΝ,ΕΥΒΟΙΑΣ,ΣΤΕΡΕΑΣ ΕΛΛΑΔΑ,ΠΡΩΤ. ΔΗΜΟΥ
34500,ΑΛΙΒΕΡΙ,ΤΑΜΥΝΕΩΝ,ΕΥΒΟΙΑΣ,ΣΤΕΡΕΑΣ ΕΛΛΑΔΑ,ΠΡΩΤ. ΔΗΜΟΥ
34600,ΝΕΑ ΑΡΤΑΚΗ,ΝΕΑΣ ΑΡΤΑΚΗΣ,ΕΥΒΟΙΑΣ,ΣΤΕΡΕΑΣ ΕΛΛΑΔΑ,ΠΡΩΤ. ΔΗΜΟΥ
35001,ΜΑΛΕΣΙΝΑ,ΜΑΛΕΣΙΝΗΣ,ΦΘΙΩΤΙΔΟΣ,ΣΤΕΡΕΑΣ ΕΛΛΑΔΑ,ΠΡΩΤ. ΔΗΜΟΥ
35001,ΜΑΛΕΣΙΝΑ,ΜΑΛΕΣΙΝΗΣ,ΦΘΙΩΤΙΔΟΣ,ΣΤΕΡΕΑΣ ΕΛΛΑΔΑ,ΠΡΩΤ. ΔΗΜΟΥ
35002,ΑΜΦΙΚΛΕΙΑ,ΑΜΦΙΚΛΕΙΑΣ,ΦΘΙΩΤΙΔΟΣ,ΣΤΕΡΕΑΣ ΕΛΛΑΔΑ,ΠΡΩΤ. ΔΗΜΟΥ
35003,ΣΠΕΡΧΕΙΑΔΑ,ΣΠΕΡΧΕΙΑΔΟΣ,ΦΘΙΩΤΙΔΟΣ,ΣΤΕΡΕΑΣ ΕΛΛΑΔΑ,ΠΡΩΤ. ΔΗΜΟΥ
35006,ΑΓΙΟΣ ΚΩΝΣΤΑΝΤΙΝΟΣ,ΑΓΙΟΥ ΚΩΝΣΤΑΝΤΙΝΟΥ,ΦΘΙΩΤΙΔΟΣ,ΣΤΕΡΕΑΣ ΕΛΛΑΔΑ,ΠΡΩΤ. ΔΗΜΟΥ
35008,ΚΑΜΕΝΑ ΒΟΥΡΛΑ,ΚΑΜΕΝΩΝ ΒΟΥΡΛΩΝ,ΦΘΙΩΤΙΔΟΣ,ΣΤΕΡΕΑΣ ΕΛΛΑΔΑ,ΠΡΩΤ. ΔΗΜΟΥ
35009,ΜΩΛΟΣ,ΜΩΛΟΥ,ΦΘΙΩΤΙΔΟΣ,ΣΤΕΡΕΑΣ ΕΛΛΑΔΑ,ΠΡΩΤ. ΔΗΜΟΥ
35010,ΔΟΜΟΚΟΣ,ΔΟΜΟΚΟΥ,ΦΘΙΩΤΙΔΟΣ,ΣΤΕΡΕΑΣ ΕΛΛΑΔΑ,ΠΡΩΤ. ΔΗΜΟΥ
35011,ΜΑΚΡΑΚΩΜΗ,ΜΑΚΡΑΚΩΜΗΣ,ΦΘΙΩΤΙΔΟΣ,ΣΤΕΡΕΑΣ ΕΛΛΑΔΑ,ΠΡΩΤ. ΔΗΜΟΥ
35015,ΚΑΤΩ ΤΙΘΟΡΕΑ,ΤΙΘΟΡΕΑΣ,ΦΘΙΩΤΙΔΟΣ,ΣΤΕΡΕΑΣ ΕΛΛΑΔΑ,ΠΡΩΤ. ΔΗΜΟΥ
35017,ΑΓΙΟΣ ΓΕΩΡΓΙΟΣ,ΑΓΙΟΥ ΓΕΩΡΓΙΟΥ ΤΥΜΦΡΗΣΤΟΥ,ΦΘΙΩΤΙΔΟΣ,ΣΤΕΡΕΑΣ ΕΛΛΑΔΑ,ΠΡΩΤ. ΔΗΜΟΥ
35131,ΛΑΜΙΑ,ΛΑΜΙΕΩΝ,ΦΘΙΩΤΙΔΟΣ,ΣΤΕΡΕΑΣ ΕΛΛΑΔΑ,ΠΡΩΤ. ΠΕΡΙΦΕΡΕΙΑΣ
35132,ΛΑΜΙΑ,ΛΑΜΙΕΩΝ,ΦΘΙΩΤΙΔΟΣ,ΣΤΕΡΕΑΣ ΕΛΛΑΔΑ,ΠΡΩΤ. ΠΕΡΙΦΕΡΕΙΑΣ
35133,ΛΑΜΙΑ,ΛΑΜΙΕΩΝ,ΦΘΙΩΤΙΔΟΣ,ΣΤΕΡΕΑΣ ΕΛΛΑΔΑ,ΠΡΩΤ. ΠΕΡΙΦΕΡΕΙΑΣ
35150,ΣΤΑΥΡΟΣ,ΛΑΜΙΕΩΝ,ΦΘΙΩΤΙΔΟΣ,ΣΤΕΡΕΑΣ ΕΛΛΑΔΑ,ΠΡΩΤ. ΔΗΜ. ΔΙΑΜΕΡ.
35200,ΑΤΑΛΑΝΤΗ,ΑΤΑΛΑΝΤΗΣ,ΦΘΙΩΤΙΔΟΣ,ΣΤΕΡΕΑΣ ΕΛΛΑΔΑ,ΠΡΩΤ. ΔΗΜΟΥ
35300,ΣΤΥΛΙΔΑ,ΣΤΥΛΙΔΟΣ,ΦΘΙΩΤΙΔΟΣ,ΣΤΕΡΕΑΣ ΕΛΛΑΔΑ,ΠΡΩΤ. ΔΗΜΟΥ
36071,ΔΥΤΙΚΗ ΦΡΑΓΚΙΣΤΑ,ΦΡΑΓΚΙΣΤΑΣ,ΕΥΡΥΤΑΝΙΑΣ,ΣΤΕΡΕΑΣ ΕΛΛΑΔΑ,ΠΡΩΤ. ΔΗΜΟΥ
36072,ΓΡΑΝΙΤΣΑ,ΑΠΕΡΑΝΤΙΩΝ,ΕΥΡΥΤΑΝΙΑΣ,ΣΤΕΡΕΑΣ ΕΛΛΑΔΑ,ΠΡΩΤ. ΔΗΜΟΥ
36073,ΑΓΡΑΦΑ,ΑΓΡΑΦΩΝ,ΕΥΡΥΤΑΝΙΑΣ,ΣΤΕΡΕΑΣ ΕΛΛΑΔΑ,ΠΡΩΤ. ΔΗΜΟΥ
36076,ΚΡΙΚΕΛΛΟ,ΔΟΜΝΙΣΤΑΣ,ΕΥΡΥΤΑΝΙΑΣ,ΣΤΕΡΕΑΣ ΕΛΛΑΔΑ,ΠΡΩΤ. ΔΗΜΟΥ
36100,ΚΑΡΠΕΝΗΣΙ,ΚΑΡΠΕΝΗΣΙΟΥ,ΕΥΡΥΤΑΝΙΑΣ,ΣΤΕΡΕΑΣ ΕΛΛΑΔΑ,ΠΡΩΤ. ΝΟΜΟΥ
37001,ΖΑΓΟΡΑ,ΖΑΓΟΡΑΣ,ΜΑΓΝΗΣΙΑΣ,ΘΕΣΣΑΛΙΑΣ,ΠΡΩΤ. ΔΗΜΟΥ
37002,ΣΚΙΑΘΟΣ,ΣΚΙΑΘΟΥ,ΜΑΓΝΗΣΙΑΣ,ΘΕΣΣΑΛΙΑΣ,ΠΡΩΤ. ΔΗΜΟΥ
37002,ΣΚΙΑΘΟΣ,ΣΚΙΑΘΟΥ,ΜΑΓΝΗΣΙΑΣ,ΘΕΣΣΑΛΙΑΣ,ΠΡΩΤ. ΔΗΜΟΥ
37002,ΣΚΙΑΘΟΣ,ΣΚΙΑΘΟΥ,ΜΑΓΝΗΣΙΑΣ,ΘΕΣΣΑΛΙΑΣ,ΠΡΩΤ. ΔΗΜΟΥ
37002,ΣΚΙΑΘΟΣ,ΣΚΙΑΘΟΥ,ΜΑΓΝΗΣΙΑΣ,ΘΕΣΣΑΛΙΑΣ,ΠΡΩΤ. ΔΗΜΟΥ
37003,ΣΚΟΠΕΛΟΣ,ΣΚΟΠΕΛΟΥ,ΜΑΓΝΗΣΙΑΣ,ΘΕΣΣΑΛΙΑΣ,ΠΡΩΤ. ΔΗΜΟΥ
37005,ΠΑΤΗΤΗΡΙ,ΑΛΟΝΝΗΣΟΥ,ΜΑΓΝΗΣΙΑΣ,ΘΕΣΣΑΛΙΑΣ,ΠΡΩΤ. ΔΗΜΟΥ
37005,ΠΑΤΗΤΗΡΙ,ΑΛΟΝΝΗΣΟΥ,ΜΑΓΝΗΣΙΑΣ,ΘΕΣΣΑΛΙΑΣ,ΠΡΩΤ. ΔΗΜΟΥ
37005,ΠΑΤΗΤΗΡΙ,ΑΛΟΝΝΗΣΟΥ,ΜΑΓΝΗΣΙΑΣ,ΘΕΣΣΑΛΙΑΣ,ΠΡΩΤ. ΔΗΜΟΥ
37005,ΠΑΤΗΤΗΡΙ,ΑΛΟΝΝΗΣΟΥ,ΜΑΓΝΗΣΙΑΣ,ΘΕΣΣΑΛΙΑΣ,ΠΡΩΤ. ΔΗΜΟΥ
37005,ΠΑΤΗΤΗΡΙ,ΑΛΟΝΝΗΣΟΥ,ΜΑΓΝΗΣΙΑΣ,ΘΕΣΣΑΛΙΑΣ,ΠΡΩΤ. ΔΗΜΟΥ
37005,ΠΑΤΗΤΗΡΙ,ΑΛΟΝΝΗΣΟΥ,ΜΑΓΝΗΣΙΑΣ,ΘΕΣΣΑΛΙΑΣ,ΠΡΩΤ. ΔΗΜΟΥ
37005,ΠΑΤΗΤΗΡΙ,ΑΛΟΝΝΗΣΟΥ,ΜΑΓΝΗΣΙΑΣ,ΘΕΣΣΑΛΙΑΣ,ΠΡΩΤ. ΔΗΜΟΥ
37005,ΠΑΤΗΤΗΡΙ,ΑΛΟΝΝΗΣΟΥ,ΜΑΓΝΗΣΙΑΣ,ΘΕΣΣΑΛΙΑΣ,ΠΡΩΤ. ΔΗΜΟΥ
37005,ΠΑΤΗΤΗΡΙ,ΑΛΟΝΝΗΣΟΥ,ΜΑΓΝΗΣΙΑΣ,ΘΕΣΣΑΛΙΑΣ,ΠΡΩΤ. ΔΗΜΟΥ
37005,ΠΑΤΗΤΗΡΙ,ΑΛΟΝΝΗΣΟΥ,ΜΑΓΝΗΣΙΑΣ,ΘΕΣΣΑΛΙΑΣ,ΠΡΩΤ. ΔΗΜΟΥ
37005,ΠΑΤΗΤΗΡΙ,ΑΛΟΝΝΗΣΟΥ,ΜΑΓΝΗΣΙΑΣ,ΘΕΣΣΑΛΙΑΣ,ΠΡΩΤ. ΔΗΜΟΥ
37005,ΠΑΤΗΤΗΡΙ,ΑΛΟΝΝΗΣΟΥ,ΜΑΓΝΗΣΙΑΣ,ΘΕΣΣΑΛΙΑΣ,ΠΡΩΤ. ΔΗΜΟΥ
37006,ΑΡΓΑΛΑΣΤΗ,ΑΡΓΑΛΑΣΤΗΣ,ΜΑΓΝΗΣΙΑΣ,ΘΕΣΣΑΛΙΑΣ,ΠΡΩΤ. ΔΗΜΟΥ
37006,ΑΡΓΑΛΑΣΤΗ,ΑΡΓΑΛΑΣΤΗΣ,ΜΑΓΝΗΣΙΑΣ,ΘΕΣΣΑΛΙΑΣ,ΠΡΩΤ. ΔΗΜΟΥ
37006,ΑΡΓΑΛΑΣΤΗ,ΑΡΓΑΛΑΣΤΗΣ,ΜΑΓΝΗΣΙΑΣ,ΘΕΣΣΑΛΙΑΣ,ΠΡΩΤ. ΔΗΜΟΥ
37006,ΑΡΓΑΛΑΣΤΗ,ΑΡΓΑΛΑΣΤΗΣ,ΜΑΓΝΗΣΙΑΣ,ΘΕΣΣΑΛΙΑΣ,ΠΡΩΤ. ΔΗΜΟΥ
37100,ΑΛΜΥΡΟΣ,ΑΛΜΥΡΟΥ,ΜΑΓΝΗΣΙΑΣ,ΘΕΣΣΑΛΙΑΣ,ΠΡΩΤ. ΔΗΜΟΥ
37100,ΑΛΜΥΡΟΣ,ΑΛΜΥΡΟΥ,ΜΑΓΝΗΣΙΑΣ,ΘΕΣΣΑΛΙΑΣ,ΠΡΩΤ. ΔΗΜΟΥ
37300,ΑΓΡΙΑ,ΑΓΡΙΑΣ,ΜΑΓΝΗΣΙΑΣ,ΘΕΣΣΑΛΙΑΣ,ΠΡΩΤ. ΔΗΜΟΥ
37400,ΝΕΑ ΑΓΧΙΑΛΟΣ,ΝΕΑΣ ΑΓΧΙΑΛΟΥ,ΜΑΓΝΗΣΙΑΣ,ΘΕΣΣΑΛΙΑΣ,ΠΡΩΤ. ΔΗΜΟΥ
37400,ΝΕΑ ΑΓΧΙΑΛΟΣ,ΝΕΑΣ ΑΓΧΙΑΛΟΥ,ΜΑΓΝΗΣΙΑΣ,ΘΕΣΣΑΛΙΑΣ,ΠΡΩΤ. ΔΗΜΟΥ
37500,ΒΕΛΕΣΤΙΝΟ,ΦΕΡΩΝ,ΜΑΓΝΗΣΙΑΣ,ΘΕΣΣΑΛΙΑΣ,ΠΡΩΤ. ΔΗΜΟΥ
38221,ΒΟΛΟΣ,ΒΟΛΟΥ,ΜΑΓΝΗΣΙΑΣ,ΘΕΣΣΑΛΙΑΣ,ΠΡΩΤ. ΝΟΜΟΥ
38221,ΒΟΛΟΣ,ΒΟΛΟΥ,ΜΑΓΝΗΣΙΑΣ,ΘΕΣΣΑΛΙΑΣ,ΠΡΩΤ. ΝΟΜΟΥ
38222,ΒΟΛΟΣ,ΒΟΛΟΥ,ΜΑΓΝΗΣΙΑΣ,ΘΕΣΣΑΛΙΑΣ,ΠΡΩΤ. ΝΟΜΟΥ
38223,ΒΟΛΟΣ,ΒΟΛΟΥ,ΜΑΓΝΗΣΙΑΣ,ΘΕΣΣΑΛΙΑΣ,ΠΡΩΤ. ΝΟΜΟΥ
38333,ΒΟΛΟΣ,ΒΟΛΟΥ,ΜΑΓΝΗΣΙΑΣ,ΘΕΣΣΑΛΙΑΣ,ΠΡΩΤ. ΝΟΜΟΥ
38334,ΝΕΑ ΑΓΧΙΑΛΟΣ,ΝΕΑΣ ΑΓΧΙΑΛΟΥ,ΜΑΓΝΗΣΙΑΣ,ΘΕΣΣΑΛΙΑΣ,ΠΡΩΤ. ΔΗΜΟΥ
38445,ΝΕΑ ΙΩΝΙΑ,ΝΕΑΣ ΙΩΝΙΑΣ,ΜΑΓΝΗΣΙΑΣ,ΘΕΣΣΑΛΙΑΣ,ΠΡΩΤ. ΔΗΜΟΥ
38446,ΝΕΑ ΙΩΝΙΑ,ΝΕΑΣ ΙΩΝΙΑΣ,ΜΑΓΝΗΣΙΑΣ,ΘΕΣΣΑΛΙΑΣ,ΠΡΩΤ. ΔΗΜΟΥ
38500,ΔΙΜΗΝΙ,ΑΙΣΩΝΙΑΣ,ΜΑΓΝΗΣΙΑΣ,ΘΕΣΣΑΛΙΑΣ,ΠΡΩΤ. ΔΗΜΟΥ
40003,ΑΓΙΑ,ΑΓΙΑΣ,ΛΑΡΙΣΗΣ,ΘΕΣΣΑΛΙΑΣ,ΠΡΩΤ. ΔΗΜΟΥ
40006,ΣΥΚΟΥΡΙΟ,ΝΕΣΣΩΝΟΣ,ΛΑΡΙΣΗΣ,ΘΕΣΣΑΛΙΑΣ,ΠΡΩΤ. ΔΗΜΟΥ
40100,ΤΥΡΝΑΒΟΣ,ΤΥΡΝΑΒΟΥ,ΛΑΡΙΣΗΣ,ΘΕΣΣΑΛΙΑΣ,ΠΡΩΤ. ΔΗΜΟΥ
40200,ΕΛΑΣΣΩΝΑ,ΕΛΑΣΣΟΝΑΣ,ΛΑΡΙΣΗΣ,ΘΕΣΣΑΛΙΑΣ,ΠΡΩΤ. ΔΗΜΟΥ
40300,ΦΑΡΣΑΛΑ,ΦΑΡΣΑΛΩΝ,ΛΑΡΙΣΗΣ,ΘΕΣΣΑΛΙΑΣ,ΠΡΩΤ. ΔΗΜΟΥ
40400,ΑΜΠΕΛΩΝΑΣ,ΑΜΠΕΛΩΝΟΣ,ΛΑΡΙΣΗΣ,ΘΕΣΣΑΛΙΑΣ,ΠΡΩΤ. ΔΗΜΟΥ
41005,ΓΙΑΝΝΟΥΛΗ,ΝΙΚΑΙΑΣ,ΛΑΡΙΣΗΣ,ΘΕΣΣΑΛΙΑΣ,ΠΡΩΤ. ΔΗΜΟΥ
41221,ΛΑΡΙΣΑ,ΛΑΡΙΣΑΙΩΝ,ΛΑΡΙΣΗΣ,ΘΕΣΣΑΛΙΑΣ,ΠΡΩΤ. ΠΕΡΙΦΕΡΕΙΑΣ
41221,ΛΑΡΙΣΑ,ΛΑΡΙΣΑΙΩΝ,ΛΑΡΙΣΗΣ,ΘΕΣΣΑΛΙΑΣ,ΠΡΩΤ. ΠΕΡΙΦΕΡΕΙΑΣ
41221,ΛΑΡΙΣΑ,ΛΑΡΙΣΑΙΩΝ,ΛΑΡΙΣΗΣ,ΘΕΣΣΑΛΙΑΣ,ΠΡΩΤ. ΠΕΡΙΦΕΡΕΙΑΣ
41222,ΛΑΡΙΣΑ,ΛΑΡΙΣΑΙΩΝ,ΛΑΡΙΣΗΣ,ΘΕΣΣΑΛΙΑΣ,ΠΡΩΤ. ΠΕΡΙΦΕΡΕΙΑΣ
41223,ΛΑΡΙΣΑ,ΛΑΡΙΣΑΙΩΝ,ΛΑΡΙΣΗΣ,ΘΕΣΣΑΛΙΑΣ,ΠΡΩΤ. ΠΕΡΙΦΕΡΕΙΑΣ
41334,ΛΑΡΙΣΑ,ΛΑΡΙΣΑΙΩΝ,ΛΑΡΙΣΗΣ,ΘΕΣΣΑΛΙΑΣ,ΠΡΩΤ. ΠΕΡΙΦΕΡΕΙΑΣ
41335,ΛΑΡΙΣΑ,ΛΑΡΙΣΑΙΩΝ,ΛΑΡΙΣΗΣ,ΘΕΣΣΑΛΙΑΣ,ΠΡΩΤ. ΠΕΡΙΦΕΡΕΙΑΣ
41336,ΛΑΡΙΣΑ,ΛΑΡΙΣΑΙΩΝ,ΛΑΡΙΣΗΣ,ΘΕΣΣΑΛΙΑΣ,ΠΡΩΤ. ΠΕΡΙΦΕΡΕΙΑΣ
41447,ΛΑΡΙΣΑ,ΛΑΡΙΣΑΙΩΝ,ΛΑΡΙΣΗΣ,ΘΕΣΣΑΛΙΑΣ,ΠΡΩΤ. ΠΕΡΙΦΕΡΕΙΑΣ
41448,ΛΑΡΙΣΑ,ΛΑΡΙΣΑΙΩΝ,ΛΑΡΙΣΗΣ,ΘΕΣΣΑΛΙΑΣ,ΠΡΩΤ. ΠΕΡΙΦΕΡΕΙΑΣ
41500,ΓΙΑΝΝΟΥΛΗ,ΝΙΚΑΙΑΣ,ΛΑΡΙΣΗΣ,ΘΕΣΣΑΛΙΑΣ,ΠΡΩΤ. ΔΗΜΟΥ
42031,ΦΑΡΚΑΔΩΝΑ,ΦΑΡΚΑΔΟΝΑΣ,ΤΡΙΚΑΛΩΝ,ΘΕΣΣΑΛΙΑΣ,ΠΡΩΤ. ΔΗΜΟΥ
42032,ΠΥΛΗ,ΠΥΛΗΣ,ΤΡΙΚΑΛΩΝ,ΘΕΣΣΑΛΙΑΣ,ΠΡΩΤ. ΔΗΜΟΥ
42131,ΤΡΙΚΑΛΑ,ΤΡΙΚΚΑΙΩΝ,ΤΡΙΚΑΛΩΝ,ΘΕΣΣΑΛΙΑΣ,ΠΡΩΤ. ΝΟΜΟΥ
42132,ΤΡΙΚΑΛΑ,ΤΡΙΚΚΑΙΩΝ,ΤΡΙΚΑΛΩΝ,ΘΕΣΣΑΛΙΑΣ,ΠΡΩΤ. ΝΟΜΟΥ
42150,ΜΕΓΑΛΑ ΚΑΛΥΒΙΑ,ΜΕΓΑΛΩΝ ΚΑΛΥΒΙΩΝ,ΤΡΙΚΑΛΩΝ,ΘΕΣΣΑΛΙΑΣ,ΠΡΩΤ. ΔΗΜΟΥ
42200,ΚΑΛΑΜΠΑΚΑ,ΚΑΛΑΜΠΑΚΑΣ,ΤΡΙΚΑΛΩΝ,ΘΕΣΣΑΛΙΑΣ,ΠΡΩΤ. ΔΗΜΟΥ
43060,ΜΟΥΖΑΚΙ,ΜΟΥΖΑΚΙΟΥ,ΚΑΡΔΙΤΣΗΣ,ΘΕΣΣΑΛΙΑΣ,ΠΡΩΤ. ΔΗΜΟΥ
43061,ΑΓΝΑΝΤΕΡΟ,ΠΑΜΙΣΟΥ,ΚΑΡΔΙΤΣΗΣ,ΘΕΣΣΑΛΙΑΣ,ΠΡΩΤ. ΔΗΜΟΥ
43061,ΑΓΝΑΝΤΕΡΟ,ΠΑΜΙΣΟΥ,ΚΑΡΔΙΤΣΗΣ,ΘΕΣΣΑΛΙΑΣ,ΠΡΩΤ. ΔΗΜΟΥ
43062,ΙΤΕΑ,ΦΥΛΛΟΥ,ΚΑΡΔΙΤΣΗΣ,ΘΕΣΣΑΛΙΑΣ,ΠΡΩΤ. ΔΗΜΟΥ
43063,ΛΕΟΝΤΑΡΙ,ΤΑΜΑΣΙΟΥ,ΚΑΡΔΙΤΣΗΣ,ΘΕΣΣΑΛΙΑΣ,ΠΡΩΤ. ΔΗΜΟΥ
43131,ΚΑΡΔΙΤΣΑ,ΚΑΡΔΙΤΣΑΣ,ΚΑΡΔΙΤΣΗΣ,ΘΕΣΣΑΛΙΑΣ,ΠΡΩΤ. ΝΟΜΟΥ
43132,ΚΑΡΔΙΤΣΑ,ΚΑΡΔΙΤΣΑΣ,ΚΑΡΔΙΤΣΗΣ,ΘΕΣΣΑΛΙΑΣ,ΠΡΩΤ. ΝΟΜΟΥ
43150,ΚΑΡΔΙΤΣΟΜΑΓΟΥΛΑ,ΚΑΡΔΙΤΣΑΣ,ΚΑΡΔΙΤΣΗΣ,ΘΕΣΣΑΛΙΑΣ,ΠΡΩΤ. ΔΗΜ. ΔΙΑΜΕΡ.
43200,ΠΑΛΑΜΑΣ,ΠΑΛΑΜΑ,ΚΑΡΔΙΤΣΗΣ,ΘΕΣΣΑΛΙΑΣ,ΠΡΩΤ. ΔΗΜΟΥ
43300,ΣΟΦΑΔΕΣ,ΣΟΦΑΔΩΝ,ΚΑΡΔΙΤΣΗΣ,ΘΕΣΣΑΛΙΑΣ,ΠΡΩΤ. ΔΗΜΟΥ
44001,ΠΡΑΜΑΝΤΑ,ΠΡΑΜΑΝΤΩΝ,ΙΩΑΝΝΙΝΩΝ,ΗΠΕΙΡΟΥ,ΠΡΩΤ. ΔΗΜΟΥ
44002,ΔΕΛΒΙΝΑΚΙ,ΔΕΛΒΙΝΑΚΙΟΥ,ΙΩΑΝΝΙΝΩΝ,ΗΠΕΙΡΟΥ,ΠΡΩΤ. ΔΗΜΟΥ
44003,ΖΙΤΣΑ,ΖΙΤΣΑΣ,ΙΩΑΝΝΙΝΩΝ,ΗΠΕΙΡΟΥ,ΠΡΩΤ. ΔΗΜΟΥ
44009,ΔΕΡΒΙΖΙΑΝΑ,ΛΑΚΚΑΣ ΣΟΥΛΙΟΥ,ΙΩΑΝΝΙΝΩΝ,ΗΠΕΙΡΟΥ,ΠΡΩΤ. ΔΗΜΟΥ
44010,ΤΣΕΠΕΛΟΒΟ,ΤΥΜΦΗΣ,ΙΩΑΝΝΙΝΩΝ,ΗΠΕΙΡΟΥ,ΠΡΩΤ. ΔΗΜΟΥ
44100,ΚΟΝΙΤΣΑ,ΚΟΝΙΤΣΑΣ,ΙΩΑΝΝΙΝΩΝ,ΗΠΕΙΡΟΥ,ΠΡΩΤ. ΔΗΜΟΥ
44200,ΜΕΤΣΟΒΟ,ΜΕΤΣΟΒΟΥ,ΙΩΑΝΝΙΝΩΝ,ΗΠΕΙΡΟΥ,ΠΡΩΤ. ΔΗΜΟΥ
45221,ΑΝΑΤΟΛΗ,ΑΝΑΤΟΛΗΣ,ΙΩΑΝΝΙΝΩΝ,ΗΠΕΙΡΟΥ,ΠΡΩΤ. ΔΗΜΟΥ
45222,ΑΝΑΤΟΛΗ,ΑΝΑΤΟΛΗΣ,ΙΩΑΝΝΙΝΩΝ,ΗΠΕΙΡΟΥ,ΠΡΩΤ. ΔΗΜΟΥ
45332,ΠΕΝΤΕΛΗ,ΙΩΑΝΝΙΤΩΝ,ΙΩΑΝΝΙΝΩΝ,ΗΠΕΙΡΟΥ,
45333,ΙΩΑΝΝΙΝΑ,ΙΩΑΝΝΙΤΩΝ,ΙΩΑΝΝΙΝΩΝ,ΗΠΕΙΡΟΥ,ΠΡΩΤ. ΠΕΡΙΦΕΡΕΙΑΣ
45444,ΙΩΑΝΝΙΝΑ,ΙΩΑΝΝΙΤΩΝ,ΙΩΑΝΝΙΝΩΝ,ΗΠΕΙΡΟΥ,ΠΡΩΤ. ΠΕΡΙΦΕΡΕΙΑΣ
45500,ΠΕΔΙΝΗ,ΜΠΙΖΑΝΙΟΥ,ΙΩΑΝΝΙΝΩΝ,ΗΠΕΙΡΟΥ,ΠΡΩΤ. ΔΗΜΟΥ
45570,ΚΑΡΔΑΜΙΤΣΙΑ,ΙΩΑΝΝΙΤΩΝ,ΙΩΑΝΝΙΝΩΝ,ΗΠΕΙΡΟΥ,
45580,ΕΞΟΧΗ,ΙΩΑΝΝΙΤΩΝ,ΙΩΑΝΝΙΝΩΝ,ΗΠΕΙΡΟΥ,ΠΡΩΤ. ΔΗΜ. ΔΙΑΜΕΡ.
46030,ΜΑΡΓΑΡΙΤΙ,ΜΑΡΓΑΡΙΤΙΟΥ,ΘΕΣΠΡΩΤΙΑΣ,ΗΠΕΙΡΟΥ,ΠΡΩΤ. ΔΗΜΟΥ
46100,ΗΓΟΥΜΕΝΙΤΣΑ,ΗΓΟΥΜΕΝΙΤΣΗΣ,ΘΕΣΠΡΩΤΙΑΣ,ΗΠΕΙΡΟΥ,ΠΡΩΤ. ΝΟΜΟΥ
46100,ΗΓΟΥΜΕΝΙΤΣΑ,ΗΓΟΥΜΕΝΙΤΣΗΣ,ΘΕΣΠΡΩΤΙΑΣ,ΗΠΕΙΡΟΥ,ΠΡΩΤ. ΝΟΜΟΥ
46100,ΗΓΟΥΜΕΝΙΤΣΑ,ΗΓΟΥΜΕΝΙΤΣΗΣ,ΘΕΣΠΡΩΤΙΑΣ,ΗΠΕΙΡΟΥ,ΠΡΩΤ. ΝΟΜΟΥ
46200,ΠΑΡΑΜΥΘΙΑ,ΠΑΡΑΜΥΘΙΑΣ,ΘΕΣΠΡΩΤΙΑΣ,ΗΠΕΙΡΟΥ,ΠΡΩΤ. ΔΗΜΟΥ
46300,ΦΙΛΙΑΤΕΣ,ΦΙΛΙΑΤΩΝ,ΘΕΣΠΡΩΤΙΑΣ,ΗΠΕΙΡΟΥ,ΠΡΩΤ. ΔΗΜΟΥ
46300,ΦΙΛΙΑΤΕΣ,ΦΙΛΙΑΤΩΝ,ΘΕΣΠΡΩΤΙΑΣ,ΗΠΕΙΡΟΥ,ΠΡΩΤ. ΔΗΜΟΥ
47040,ΚΟΜΠΟΤΙ,ΜΕΝΙΔΙΟΥ,ΑΙΤΩΛΟΑΚΑΡΝΑΝΙΑΣ,ΔΥΤΙΚΗΣ ΕΛΛΑΔΑΣ,ΠΡΩΤ. ΔΗΜΟΥ
47043,ΑΓΝΑΝΤΑ,ΑΓΝΑΝΤΩΝ,ΑΡΤΗΣ,ΗΠΕΙΡΟΥ,ΠΡΩΤ. ΔΗΜΟΥ
47044,ΕΠΑΝΩ ΣΕΣΗ,ΗΡΑΚΛΕΙΑΣ,ΑΡΤΗΣ,ΗΠΕΙΡΟΥ,
47045,ΒΟΥΡΓΑΡΕΛΙ,ΑΘΑΜΑΝΙΑΣ,ΑΡΤΗΣ,ΗΠΕΙΡΟΥ,ΠΡΩΤ. ΔΗΜΟΥ
47131,ΑΡΤΑ,ΑΡΤΑΙΩΝ,ΑΡΤΗΣ,ΗΠΕΙΡΟΥ,ΠΡΩΤ. ΝΟΜΟΥ
47132,ΑΡΤΑ,ΑΡΤΑΙΩΝ,ΑΡΤΗΣ,ΗΠΕΙΡΟΥ,ΠΡΩΤ. ΝΟΜΟΥ
47150,ΚΩΣΤΑΚΙΟΙ,ΑΡΤΑΙΩΝ,ΑΡΤΗΣ,ΗΠΕΙΡΟΥ,ΠΡΩΤ. ΔΗΜ. ΔΙΑΜΕΡ.
48060,ΠΑΡΓΑ,ΠΑΡΓΑΣ,ΠΡΕΒΕΖΗΣ,ΗΠΕΙΡΟΥ,ΠΡΩΤ. ΔΗΜΟΥ
48060,ΠΑΡΓΑ,ΠΑΡΓΑΣ,ΠΡΕΒΕΖΗΣ,ΗΠΕΙΡΟΥ,ΠΡΩΤ. ΔΗΜΟΥ
48061,ΛΟΥΡΟΣ,ΛΟΥΡΟΥ,ΠΡΕΒΕΖΗΣ,ΗΠΕΙΡΟΥ,ΠΡΩΤ. ΔΗΜΟΥ
48062,ΚΑΝΑΛΛΑΚΙ,ΦΑΝΑΡΙΟΥ,ΠΡΕΒΕΖΗΣ,ΗΠΕΙΡΟΥ,ΠΡΩΤ. ΔΗΜΟΥ
48100,ΠΡΕΒΕΖΑ,ΠΡΕΒΕΖΑΣ,ΠΡΕΒΕΖΗΣ,ΗΠΕΙΡΟΥ,ΠΡΩΤ. ΝΟΜΟΥ
48200,ΦΙΛΙΠΠΙΑΔΑ,ΦΙΛΙΠΠΙΑΔΟΣ,ΠΡΕΒΕΖΗΣ,ΗΠΕΙΡΟΥ,ΠΡΩΤ. ΔΗΜΟΥ
48300,ΘΕΣΠΡΩΤΙΚΟ,ΘΕΣΠΡΩΤΙΚΟΥ,ΠΡΕΒΕΖΗΣ,ΗΠΕΙΡΟΥ,ΠΡΩΤ. ΔΗΜΟΥ
49080,ΛΕΥΚΙΜΜΗ,ΛΕΥΚΙΜΜΑΙΩΝ,ΚΕΡΚΥΡΑΣ,ΙΟΝΙΩΝ ΝΗΣΩΝ,ΠΡΩΤ. ΔΗΜΟΥ
49081,ΚΑΡΟΥΣΑΔΕΣ,ΕΣΠΕΡΙΩΝ,ΚΕΡΚΥΡΑΣ,ΙΟΝΙΩΝ ΝΗΣΩΝ,ΠΡΩΤ. ΔΗΜ. ΔΙΑΜΕΡ.
49081,ΚΑΡΟΥΣΑΔΕΣ,ΕΣΠΕΡΙΩΝ,ΚΕΡΚΥΡΑΣ,ΙΟΝΙΩΝ ΝΗΣΩΝ,ΠΡΩΤ. ΔΗΜ. ΔΙΑΜΕΡ.
49081,ΚΑΡΟΥΣΑΔΕΣ,ΕΣΠΕΡΙΩΝ,ΚΕΡΚΥΡΑΣ,ΙΟΝΙΩΝ ΝΗΣΩΝ,ΠΡΩΤ. ΔΗΜ. ΔΙΑΜΕΡ.
49081,ΚΑΡΟΥΣΑΔΕΣ,ΕΣΠΕΡΙΩΝ,ΚΕΡΚΥΡΑΣ,ΙΟΝΙΩΝ ΝΗΣΩΝ,ΠΡΩΤ. ΔΗΜ. ΔΙΑΜΕΡ.
49081,ΚΑΡΟΥΣΑΔΕΣ,ΕΣΠΕΡΙΩΝ,ΚΕΡΚΥΡΑΣ,ΙΟΝΙΩΝ ΝΗΣΩΝ,ΠΡΩΤ. ΔΗΜ. ΔΙΑΜΕΡ.
49081,ΚΑΡΟΥΣΑΔΕΣ,ΕΣΠΕΡΙΩΝ,ΚΕΡΚΥΡΑΣ,ΙΟΝΙΩΝ ΝΗΣΩΝ,ΠΡΩΤ. ΔΗΜ. ΔΙΑΜΕΡ.
49081,ΚΑΡΟΥΣΑΔΕΣ,ΕΣΠΕΡΙΩΝ,ΚΕΡΚΥΡΑΣ,ΙΟΝΙΩΝ ΝΗΣΩΝ,ΠΡΩΤ. ΔΗΜ. ΔΙΑΜΕΡ.
49081,ΚΑΡΟΥΣΑΔΕΣ,ΕΣΠΕΡΙΩΝ,ΚΕΡΚΥΡΑΣ,ΙΟΝΙΩΝ ΝΗΣΩΝ,ΠΡΩΤ. ΔΗΜ. ΔΙΑΜΕΡ.
49081,ΚΑΡΟΥΣΑΔΕΣ,ΕΣΠΕΡΙΩΝ,ΚΕΡΚΥΡΑΣ,ΙΟΝΙΩΝ ΝΗΣΩΝ,ΠΡΩΤ. ΔΗΜ. ΔΙΑΜΕΡ.
49081,ΚΑΡΟΥΣΑΔΕΣ,ΕΣΠΕΡΙΩΝ,ΚΕΡΚΥΡΑΣ,ΙΟΝΙΩΝ ΝΗΣΩΝ,ΠΡΩΤ. ΔΗΜ. ΔΙΑΜΕΡ.
49081,ΚΑΡΟΥΣΑΔΕΣ,ΕΣΠΕΡΙΩΝ,ΚΕΡΚΥΡΑΣ,ΙΟΝΙΩΝ ΝΗΣΩΝ,ΠΡΩΤ. ΔΗΜ. ΔΙΑΜΕΡ.
49082,ΓΑΙΟΣ,ΠΑΞΩΝ,ΚΕΡΚΥΡΑΣ,ΙΟΝΙΩΝ ΝΗΣΩΝ,ΠΡΩΤ. ΔΗΜΟΥ
49082,ΓΑΙΟΣ,ΠΑΞΩΝ,ΚΕΡΚΥΡΑΣ,ΙΟΝΙΩΝ ΝΗΣΩΝ,ΠΡΩΤ. ΔΗΜΟΥ
49082,ΓΑΙΟΣ,ΠΑΞΩΝ,ΚΕΡΚΥΡΑΣ,ΙΟΝΙΩΝ ΝΗΣΩΝ,ΠΡΩΤ. ΔΗΜΟΥ
49082,ΓΑΙΟΣ,ΠΑΞΩΝ,ΚΕΡΚΥΡΑΣ,ΙΟΝΙΩΝ ΝΗΣΩΝ,ΠΡΩΤ. ΔΗΜΟΥ
49083,ΛΑΚΩΝΕΣ,ΠΑΛΑΙΟΚΑΣΤΡΙΤΩΝ,ΚΕΡΚΥΡΑΣ,ΙΟΝΙΩΝ ΝΗΣΩΝ,ΠΡΩΤ. ΔΗΜΟΥ
49084,ΑΓΙΟΣ ΜΑΤΘΑΙΟΣ,ΜΕΛΙΤΕΙΕΩΝ,ΚΕΡΚΥΡΑΣ,ΙΟΝΙΩΝ ΝΗΣΩΝ,ΠΡΩΤ. ΔΗΜ. ΔΙΑΜΕΡ.
49131,ΚΕΡΚΥΡΑ,ΚΕΡΚΥΡΑΙΩΝ,ΚΕΡΚΥΡΑΣ,ΙΟΝΙΩΝ ΝΗΣΩΝ,ΠΡΩΤ. ΠΕΡΙΦΕΡΕΙΑΣ
49131,ΚΕΡΚΥΡΑ,ΚΕΡΚΥΡΑΙΩΝ,ΚΕΡΚΥΡΑΣ,ΙΟΝΙΩΝ ΝΗΣΩΝ,ΠΡΩΤ. ΠΕΡΙΦΕΡΕΙΑΣ
49131,ΚΕΡΚΥΡΑ,ΚΕΡΚΥΡΑΙΩΝ,ΚΕΡΚΥΡΑΣ,ΙΟΝΙΩΝ ΝΗΣΩΝ,ΠΡΩΤ. ΠΕΡΙΦΕΡΕΙΑΣ
49132,ΚΕΡΚΥΡΑ,ΚΕΡΚΥΡΑΙΩΝ,ΚΕΡΚΥΡΑΣ,ΙΟΝΙΩΝ ΝΗΣΩΝ,ΠΡΩΤ. ΠΕΡΙΦΕΡΕΙΑΣ
49150,ΚΑΝΑΛΙ,ΚΕΡΚΥΡΑΙΩΝ,ΚΕΡΚΥΡΑΣ,ΙΟΝΙΩΝ ΝΗΣΩΝ,ΠΡΩΤ. ΔΗΜ. ΔΙΑΜΕΡ.
49150,ΚΑΝΑΛΙ,ΚΕΡΚΥΡΑΙΩΝ,ΚΕΡΚΥΡΑΣ,ΙΟΝΙΩΝ ΝΗΣΩΝ,ΠΡΩΤ. ΔΗΜ. ΔΙΑΜΕΡ.
49150,ΚΑΝΑΛΙ,ΚΕΡΚΥΡΑΙΩΝ,ΚΕΡΚΥΡΑΣ,ΙΟΝΙΩΝ ΝΗΣΩΝ,ΠΡΩΤ. ΔΗΜ. ΔΙΑΜΕΡ.
49150,ΚΑΝΑΛΙ,ΚΕΡΚΥΡΑΙΩΝ,ΚΕΡΚΥΡΑΣ,ΙΟΝΙΩΝ ΝΗΣΩΝ,ΠΡΩΤ. ΔΗΜ. ΔΙΑΜΕΡ.
49150,ΚΑΝΑΛΙ,ΚΕΡΚΥΡΑΙΩΝ,ΚΕΡΚΥΡΑΣ,ΙΟΝΙΩΝ ΝΗΣΩΝ,ΠΡΩΤ. ΔΗΜ. ΔΙΑΜΕΡ.
50001,ΝΕΑΠΟΛΗ,ΝΕΑΠΟΛΗΣ,ΚΟΖΑΝΗΣ,ΔΥΤΙΚΗΣ ΜΑΚΕΔΟΝΙΑΣ,ΠΡΩΤ. ΔΗΜΟΥ
50002,ΤΣΟΤΙΛΙ,ΤΣΟΤΥΛΙΟΥ,ΚΟΖΑΝΗΣ,ΔΥΤΙΚΗΣ ΜΑΚΕΔΟΝΙΑΣ,ΠΡΩΤ. ΔΗΜΟΥ
50007,ΠΕΝΤΑΛΟΦΟΣ,ΑΡΡΕΝΩΝ,ΚΑΣΤΟΡΙΑΣ,ΔΥΤΙΚΗΣ ΜΑΚΕΔΟΝΙΑΣ,ΠΡΩΤ. ΚΟΙΝΟΤΗΤΑΣ
50131,ΚΟΖΑΝΗ,ΚΟΖΑΝΗΣ,ΚΟΖΑΝΗΣ,ΔΥΤΙΚΗΣ ΜΑΚΕΔΟΝΙΑΣ,ΠΡΩΤ. ΠΕΡΙΦΕΡΕΙΑΣ
50132,ΚΟΖΑΝΗ,ΚΟΖΑΝΗΣ,ΚΟΖΑΝΗΣ,ΔΥΤΙΚΗΣ ΜΑΚΕΔΟΝΙΑΣ,ΠΡΩΤ. ΠΕΡΙΦΕΡΕΙΑΣ
50150,ΚΡΟΚΟΣ,ΕΛΙΜΕΙΑΣ,ΚΟΖΑΝΗΣ,ΔΥΤΙΚΗΣ ΜΑΚΕΔΟΝΙΑΣ,ΠΡΩΤ. ΔΗΜΟΥ
50200,ΠΤΟΛΕΜΑΙΔΑ,ΠΤΟΛΕΜΑΪΔΑΣ,ΚΟΖΑΝΗΣ,ΔΥΤΙΚΗΣ ΜΑΚΕΔΟΝΙΑΣ,ΠΡΩΤ. ΔΗΜΟΥ
50300,ΣΙΑΤΙΣΤΑ,ΣΙΑΤΙΣΤΑΣ,ΚΟΖΑΝΗΣ,ΔΥΤΙΚΗΣ ΜΑΚΕΔΟΝΙΑΣ,ΠΡΩΤ. ΔΗΜΟΥ
50400,ΒΕΛΒΕΝΤΟΣ,ΒΕΛΒΕΝΤΟΥ,ΚΟΖΑΝΗΣ,ΔΥΤΙΚΗΣ ΜΑΚΕΔΟΝΙΑΣ,ΠΡΩΤ. ΔΗΜΟΥ
50500,ΣΕΡΒΙΑ,ΣΕΡΒΙΩΝ,ΚΟΖΑΝΗΣ,ΔΥΤΙΚΗΣ ΜΑΚΕΔΟΝΙΑΣ,ΠΡΩΤ. ΔΗΜΟΥ
51030,ΑΓΙΟΣ ΓΕΩΡΓΙΟΣ,ΗΡΑΚΛΕΩΤΩΝ,ΓΡΕΒΕΝΩΝ,ΔΥΤΙΚΗΣ ΜΑΚΕΔΟΝΙΑΣ,ΠΡΩΤ. ΔΗΜΟΥ
51100,ΓΡΕΒΕΝΑ,ΓΡΕΒΕΝΩΝ,ΓΡΕΒΕΝΩΝ,ΔΥΤΙΚΗΣ ΜΑΚΕΔΟΝΙΑΣ,ΠΡΩΤ. ΝΟΜΟΥ
51200,ΔΕΣΚΑΤΗ,ΔΕΣΚΑΤΗΣ,ΓΡΕΒΕΝΩΝ,ΔΥΤΙΚΗΣ ΜΑΚΕΔΟΝΙΑΣ,ΠΡΩΤ. ΔΗΜΟΥ
52050,ΜΕΣΟΠΟΤΑΜΙΑ,ΜΕΣΟΠΟΤΑΜΙΑΣ,ΚΑΣΤΟΡΙΑΣ,ΔΥΤΙΚΗΣ ΜΑΚΕΔΟΝΙΑΣ,ΠΡΩΤ. ΔΗΜΟΥ
52051,ΝΕΣΤΟΡΙΟ,ΝΕΣΤΟΡΙΟΥ,ΚΑΣΤΟΡΙΑΣ,ΔΥΤΙΚΗΣ ΜΑΚΕΔΟΝΙΑΣ,ΠΡΩΤ. ΔΗΜΟΥ
52052,ΚΟΡΗΣΟΣ,ΑΓΙΩΝ ΑΝΑΡΓΥΡΩΝ,ΚΑΣΤΟΡΙΑΣ,ΔΥΤΙΚΗΣ ΜΑΚΕΔΟΝΙΑΣ,ΠΡΩΤ. ΔΗΜΟΥ
52055,ΝΕΟΣ ΟΙΚΙΣΜΟΣ,ΚΟΡΕΣΤΙΩΝ,ΚΑΣΤΟΡΙΑΣ,ΔΥΤΙΚΗΣ ΜΑΚΕΔΟΝΙΑΣ,
52055,ΝΕΟΣ ΟΙΚΙΣΜΟΣ,ΚΟΡΕΣΤΙΩΝ,ΚΑΣΤΟΡΙΑΣ,ΔΥΤΙΚΗΣ ΜΑΚΕΔΟΝΙΑΣ,
52056,ΜΑΥΡΟΧΩΡΙ,ΜΑΚΕΔΝΩΝ,ΚΑΣΤΟΡΙΑΣ,ΔΥΤΙΚΗΣ ΜΑΚΕΔΟΝΙΑΣ,ΠΡΩΤ. ΔΗΜΟΥ
52057,ΔΙΣΠΗΛΙ,ΜΑΚΕΔΝΩΝ,ΚΑΣΤΟΡΙΑΣ,ΔΥΤΙΚΗΣ ΜΑΚΕΔΟΝΙΑΣ,ΠΡΩΤ. ΔΗΜ. ΔΙΑΜΕΡ.
52059,ΤΟΙΧΙΟ,ΒΙΤΣΙΟΥ,ΚΑΣΤΟΡΙΑΣ,ΔΥΤΙΚΗΣ ΜΑΚΕΔΟΝΙΑΣ,ΠΡΩΤ. ΔΗΜΟΥ
52100,ΚΑΣΤΟΡΙΑ,ΚΑΣΤΟΡΙΑΣ,ΚΑΣΤΟΡΙΑΣ,ΔΥΤΙΚΗΣ ΜΑΚΕΔΟΝΙΑΣ,ΠΡΩΤ. ΝΟΜΟΥ
52200,ΑΡΓΟΣ ΟΡΕΣΤΙΚΟ,ΟΡΕΣΤΙΔΟΣ,ΚΑΣΤΟΡΙΑΣ,ΔΥΤΙΚΗΣ ΜΑΚΕΔΟΝΙΑΣ,ΠΡΩΤ. ΔΗΜΟΥ
53070,ΦΙΛΩΤΑΣ,ΦΙΛΩΤΑ,ΦΛΩΡΙΝΗΣ,ΔΥΤΙΚΗΣ ΜΑΚΕΔΟΝΙΑΣ,ΠΡΩΤ. ΔΗΜΟΥ
53073,ΛΕΧΟΒΟ,ΛΕΧΟΒΟΥ,ΦΛΩΡΙΝΗΣ,ΔΥΤΙΚΗΣ ΜΑΚΕΔΟΝΙΑΣ,ΠΡΩΤ. ΚΟΙΝΟΤΗΤΑΣ
53100,ΦΛΩΡΙΝΑ,ΦΛΩΡΙΝΑΣ,ΦΛΩΡΙΝΗΣ,ΔΥΤΙΚΗΣ ΜΑΚΕΔΟΝΙΑΣ,ΠΡΩΤ. ΝΟΜΟΥ
53150,ΛΑΙΜΟΣ,ΠΡΕΣΠΩΝ,ΦΛΩΡΙΝΗΣ,ΔΥΤΙΚΗΣ ΜΑΚΕΔΟΝΙΑΣ,ΠΡΩΤ. ΔΗΜΟΥ
53150,ΜΕΛΙΤΗ,ΜΕΛΙΤΗΣ,ΦΛΩΡΙΝΗΣ,ΔΥΤΙΚΗΣ ΜΑΚΕΔΟΝΙΑΣ,ΠΡΩΤ. ΔΗΜ. ΔΙΑΜΕΡ.
53200,ΑΜΥΝΤΑΙΟ,ΑΜΥΝΤΑΙΟΥ,ΦΛΩΡΙΝΗΣ,ΔΥΤΙΚΗΣ ΜΑΚΕΔΟΝΙΑΣ,ΠΡΩΤ. ΔΗΜΟΥ
54248,ΘΕΣΣΑΛΟΝΙΚΗ,ΘΕΣΣΑΛΟΝΙΚΗΣ,ΘΕΣΣΑΛΟΝΙΚΗΣ,ΚΕΝΤΡΙΚΗΣ ΜΑΚΕΔΟΝΙΑΣ,ΠΡΩΤ. ΠΕΡΙΦΕΡΕΙΑΣ
54249,ΘΕΣΣΑΛΟΝΙΚΗ,ΘΕΣΣΑΛΟΝΙΚΗΣ,ΘΕΣΣΑΛΟΝΙΚΗΣ,ΚΕΝΤΡΙΚΗΣ ΜΑΚΕΔΟΝΙΑΣ,ΠΡΩΤ. ΠΕΡΙΦΕΡΕΙΑΣ
54249,ΘΕΣΣΑΛΟΝΙΚΗ,ΘΕΣΣΑΛΟΝΙΚΗΣ,ΘΕΣΣΑΛΟΝΙΚΗΣ,ΚΕΝΤΡΙΚΗΣ ΜΑΚΕΔΟΝΙΑΣ,ΠΡΩΤ. ΠΕΡΙΦΕΡΕΙΑΣ
54250,ΘΕΣΣΑΛΟΝΙΚΗ,ΘΕΣΣΑΛΟΝΙΚΗΣ,ΘΕΣΣΑΛΟΝΙΚΗΣ,ΚΕΝΤΡΙΚΗΣ ΜΑΚΕΔΟΝΙΑΣ,ΠΡΩΤ. ΠΕΡΙΦΕΡΕΙΑΣ
54351,ΘΕΣΣΑΛΟΝΙΚΗ,ΘΕΣΣΑΛΟΝΙΚΗΣ,ΘΕΣΣΑΛΟΝΙΚΗΣ,ΚΕΝΤΡΙΚΗΣ ΜΑΚΕΔΟΝΙΑΣ,ΠΡΩΤ. ΠΕΡΙΦΕΡΕΙΑΣ
54352,ΘΕΣΣΑΛΟΝΙΚΗ,ΘΕΣΣΑΛΟΝΙΚΗΣ,ΘΕΣΣΑΛΟΝΙΚΗΣ,ΚΕΝΤΡΙΚΗΣ ΜΑΚΕΔΟΝΙΑΣ,ΠΡΩΤ. ΠΕΡΙΦΕΡΕΙΑΣ
54453,ΘΕΣΣΑΛΟΝΙΚΗ,ΘΕΣΣΑΛΟΝΙΚΗΣ,ΘΕΣΣΑΛΟΝΙΚΗΣ,ΚΕΝΤΡΙΚΗΣ ΜΑΚΕΔΟΝΙΑΣ,ΠΡΩΤ. ΠΕΡΙΦΕΡΕΙΑΣ
54453,ΘΕΣΣΑΛΟΝΙΚΗ,ΘΕΣΣΑΛΟΝΙΚΗΣ,ΘΕΣΣΑΛΟΝΙΚΗΣ,ΚΕΝΤΡΙΚΗΣ ΜΑΚΕΔΟΝΙΑΣ,ΠΡΩΤ. ΠΕΡΙΦΕΡΕΙΑΣ
54454,ΘΕΣΣΑΛΟΝΙΚΗ,ΘΕΣΣΑΛΟΝΙΚΗΣ,ΘΕΣΣΑΛΟΝΙΚΗΣ,ΚΕΝΤΡΙΚΗΣ ΜΑΚΕΔΟΝΙΑΣ,ΠΡΩΤ. ΠΕΡΙΦΕΡΕΙΑΣ
54500,ΛΗΤΗ,ΜΥΓΔΟΝΙΑΣ,ΘΕΣΣΑΛΟΝΙΚΗΣ,ΚΕΝΤΡΙΚΗΣ ΜΑΚΕΔΟΝΙΑΣ,ΠΡΩΤ. ΔΗΜΟΥ
54621,ΘΕΣΣΑΛΟΝΙΚΗ,ΘΕΣΣΑΛΟΝΙΚΗΣ,ΘΕΣΣΑΛΟΝΙΚΗΣ,ΚΕΝΤΡΙΚΗΣ ΜΑΚΕΔΟΝΙΑΣ,ΠΡΩΤ. ΠΕΡΙΦΕΡΕΙΑΣ
54622,ΘΕΣΣΑΛΟΝΙΚΗ,ΘΕΣΣΑΛΟΝΙΚΗΣ,ΘΕΣΣΑΛΟΝΙΚΗΣ,ΚΕΝΤΡΙΚΗΣ ΜΑΚΕΔΟΝΙΑΣ,ΠΡΩΤ. ΠΕΡΙΦΕΡΕΙΑΣ
54623,ΘΕΣΣΑΛΟΝΙΚΗ,ΘΕΣΣΑΛΟΝΙΚΗΣ,ΘΕΣΣΑΛΟΝΙΚΗΣ,ΚΕΝΤΡΙΚΗΣ ΜΑΚΕΔΟΝΙΑΣ,ΠΡΩΤ. ΠΕΡΙΦΕΡΕΙΑΣ
54624,ΘΕΣΣΑΛΟΝΙΚΗ,ΘΕΣΣΑΛΟΝΙΚΗΣ,ΘΕΣΣΑΛΟΝΙΚΗΣ,ΚΕΝΤΡΙΚΗΣ ΜΑΚΕΔΟΝΙΑΣ,ΠΡΩΤ. ΠΕΡΙΦΕΡΕΙΑΣ
54625,ΘΕΣΣΑΛΟΝΙΚΗ,ΘΕΣΣΑΛΟΝΙΚΗΣ,ΘΕΣΣΑΛΟΝΙΚΗΣ,ΚΕΝΤΡΙΚΗΣ ΜΑΚΕΔΟΝΙΑΣ,ΠΡΩΤ. ΠΕΡΙΦΕΡΕΙΑΣ
54626,ΘΕΣΣΑΛΟΝΙΚΗ,ΘΕΣΣΑΛΟΝΙΚΗΣ,ΘΕΣΣΑΛΟΝΙΚΗΣ,ΚΕΝΤΡΙΚΗΣ ΜΑΚΕΔΟΝΙΑΣ,ΠΡΩΤ. ΠΕΡΙΦΕΡΕΙΑΣ
54627,ΘΕΣΣΑΛΟΝΙΚΗ,ΘΕΣΣΑΛΟΝΙΚΗΣ,ΘΕΣΣΑΛΟΝΙΚΗΣ,ΚΕΝΤΡΙΚΗΣ ΜΑΚΕΔΟΝΙΑΣ,ΠΡΩΤ. ΠΕΡΙΦΕΡΕΙΑΣ
54628,ΜΕΝΕΜΕΝΗ,ΜΕΝΕΜΕΝΗΣ,ΘΕΣΣΑΛΟΝΙΚΗΣ,ΚΕΝΤΡΙΚΗΣ ΜΑΚΕΔΟΝΙΑΣ,ΠΡΩΤ. ΔΗΜΟΥ
54629,ΘΕΣΣΑΛΟΝΙΚΗ,ΘΕΣΣΑΛΟΝΙΚΗΣ,ΘΕΣΣΑΛΟΝΙΚΗΣ,ΚΕΝΤΡΙΚΗΣ ΜΑΚΕΔΟΝΙΑΣ,ΠΡΩΤ. ΠΕΡΙΦΕΡΕΙΑΣ
54630,ΘΕΣΣΑΛΟΝΙΚΗ,ΘΕΣΣΑΛΟΝΙΚΗΣ,ΘΕΣΣΑΛΟΝΙΚΗΣ,ΚΕΝΤΡΙΚΗΣ ΜΑΚΕΔΟΝΙΑΣ,ΠΡΩΤ. ΠΕΡΙΦΕΡΕΙΑΣ
54630,ΘΕΣΣΑΛΟΝΙΚΗ,ΘΕΣΣΑΛΟΝΙΚΗΣ,ΘΕΣΣΑΛΟΝΙΚΗΣ,ΚΕΝΤΡΙΚΗΣ ΜΑΚΕΔΟΝΙΑΣ,ΠΡΩΤ. ΠΕΡΙΦΕΡΕΙΑΣ
54631,ΘΕΣΣΑΛΟΝΙΚΗ,ΘΕΣΣΑΛΟΝΙΚΗΣ,ΘΕΣΣΑΛΟΝΙΚΗΣ,ΚΕΝΤΡΙΚΗΣ ΜΑΚΕΔΟΝΙΑΣ,ΠΡΩΤ. ΠΕΡΙΦΕΡΕΙΑΣ
54632,ΘΕΣΣΑΛΟΝΙΚΗ,ΘΕΣΣΑΛΟΝΙΚΗΣ,ΘΕΣΣΑΛΟΝΙΚΗΣ,ΚΕΝΤΡΙΚΗΣ ΜΑΚΕΔΟΝΙΑΣ,ΠΡΩΤ. ΠΕΡΙΦΕΡΕΙΑΣ
54633,ΘΕΣΣΑΛΟΝΙΚΗ,ΘΕΣΣΑΛΟΝΙΚΗΣ,ΘΕΣΣΑΛΟΝΙΚΗΣ,ΚΕΝΤΡΙΚΗΣ ΜΑΚΕΔΟΝΙΑΣ,ΠΡΩΤ. ΠΕΡΙΦΕΡΕΙΑΣ
54634,ΘΕΣΣΑΛΟΝΙΚΗ,ΘΕΣΣΑΛΟΝΙΚΗΣ,ΘΕΣΣΑΛΟΝΙΚΗΣ,ΚΕΝΤΡΙΚΗΣ ΜΑΚΕΔΟΝΙΑΣ,ΠΡΩΤ. ΠΕΡΙΦΕΡΕΙΑΣ
54635,ΘΕΣΣΑΛΟΝΙΚΗ,ΘΕΣΣΑΛΟΝΙΚΗΣ,ΘΕΣΣΑΛΟΝΙΚΗΣ,ΚΕΝΤΡΙΚΗΣ ΜΑΚΕΔΟΝΙΑΣ,ΠΡΩΤ. ΠΕΡΙΦΕΡΕΙΑΣ
54635,ΘΕΣΣΑΛΟΝΙΚΗ,ΘΕΣΣΑΛΟΝΙΚΗΣ,ΘΕΣΣΑΛΟΝΙΚΗΣ,ΚΕΝΤΡΙΚΗΣ ΜΑΚΕΔΟΝΙΑΣ,ΠΡΩΤ. ΠΕΡΙΦΕΡΕΙΑΣ
54636,ΘΕΣΣΑΛΟΝΙΚΗ,ΘΕΣΣΑΛΟΝΙΚΗΣ,ΘΕΣΣΑΛΟΝΙΚΗΣ,ΚΕΝΤΡΙΚΗΣ ΜΑΚΕΔΟΝΙΑΣ,ΠΡΩΤ. ΠΕΡΙΦΕΡΕΙΑΣ
54638,ΘΕΣΣΑΛΟΝΙΚΗ,ΘΕΣΣΑΛΟΝΙΚΗΣ,ΘΕΣΣΑΛΟΝΙΚΗΣ,ΚΕΝΤΡΙΚΗΣ ΜΑΚΕΔΟΝΙΑΣ,ΠΡΩΤ. ΠΕΡΙΦΕΡΕΙΑΣ
54639,ΘΕΣΣΑΛΟΝΙΚΗ,ΘΕΣΣΑΛΟΝΙΚΗΣ,ΘΕΣΣΑΛΟΝΙΚΗΣ,ΚΕΝΤΡΙΚΗΣ ΜΑΚΕΔΟΝΙΑΣ,ΠΡΩΤ. ΠΕΡΙΦΕΡΕΙΑΣ
54639,ΘΕΣΣΑΛΟΝΙΚΗ,ΘΕΣΣΑΛΟΝΙΚΗΣ,ΘΕΣΣΑΛΟΝΙΚΗΣ,ΚΕΝΤΡΙΚΗΣ ΜΑΚΕΔΟΝΙΑΣ,ΠΡΩΤ. ΠΕΡΙΦΕΡΕΙΑΣ
54640,ΘΕΣΣΑΛΟΝΙΚΗ,ΘΕΣΣΑΛΟΝΙΚΗΣ,ΘΕΣΣΑΛΟΝΙΚΗΣ,ΚΕΝΤΡΙΚΗΣ ΜΑΚΕΔΟΝΙΑΣ,ΠΡΩΤ. ΠΕΡΙΦΕΡΕΙΑΣ
54641,ΘΕΣΣΑΛΟΝΙΚΗ,ΘΕΣΣΑΛΟΝΙΚΗΣ,ΘΕΣΣΑΛΟΝΙΚΗΣ,ΚΕΝΤΡΙΚΗΣ ΜΑΚΕΔΟΝΙΑΣ,ΠΡΩΤ. ΠΕΡΙΦΕΡΕΙΑΣ
54642,ΘΕΣΣΑΛΟΝΙΚΗ,ΘΕΣΣΑΛΟΝΙΚΗΣ,ΘΕΣΣΑΛΟΝΙΚΗΣ,ΚΕΝΤΡΙΚΗΣ ΜΑΚΕΔΟΝΙΑΣ,ΠΡΩΤ. ΠΕΡΙΦΕΡΕΙΑΣ
54643,ΘΕΣΣΑΛΟΝΙΚΗ,ΘΕΣΣΑΛΟΝΙΚΗΣ,ΘΕΣΣΑΛΟΝΙΚΗΣ,ΚΕΝΤΡΙΚΗΣ ΜΑΚΕΔΟΝΙΑΣ,ΠΡΩΤ. ΠΕΡΙΦΕΡΕΙΑΣ
54643,ΘΕΣΣΑΛΟΝΙΚΗ,ΘΕΣΣΑΛΟΝΙΚΗΣ,ΘΕΣΣΑΛΟΝΙΚΗΣ,ΚΕΝΤΡΙΚΗΣ ΜΑΚΕΔΟΝΙΑΣ,ΠΡΩΤ. ΠΕΡΙΦΕΡΕΙΑΣ
54643,ΘΕΣΣΑΛΟΝΙΚΗ,ΘΕΣΣΑΛΟΝΙΚΗΣ,ΘΕΣΣΑΛΟΝΙΚΗΣ,ΚΕΝΤΡΙΚΗΣ ΜΑΚΕΔΟΝΙΑΣ,ΠΡΩΤ. ΠΕΡΙΦΕΡΕΙΑΣ
54644,ΘΕΣΣΑΛΟΝΙΚΗ,ΘΕΣΣΑΛΟΝΙΚΗΣ,ΘΕΣΣΑΛΟΝΙΚΗΣ,ΚΕΝΤΡΙΚΗΣ ΜΑΚΕΔΟΝΙΑΣ,ΠΡΩΤ. ΠΕΡΙΦΕΡΕΙΑΣ
54645,ΘΕΣΣΑΛΟΝΙΚΗ,ΘΕΣΣΑΛΟΝΙΚΗΣ,ΘΕΣΣΑΛΟΝΙΚΗΣ,ΚΕΝΤΡΙΚΗΣ ΜΑΚΕΔΟΝΙΑΣ,ΠΡΩΤ. ΠΕΡΙΦΕΡΕΙΑΣ
54646,ΘΕΣΣΑΛΟΝΙΚΗ,ΘΕΣΣΑΛΟΝΙΚΗΣ,ΘΕΣΣΑΛΟΝΙΚΗΣ,ΚΕΝΤΡΙΚΗΣ ΜΑΚΕΔΟΝΙΑΣ,ΠΡΩΤ. ΠΕΡΙΦΕΡΕΙΑΣ
54655,ΘΕΣΣΑΛΟΝΙΚΗ,ΘΕΣΣΑΛΟΝΙΚΗΣ,ΘΕΣΣΑΛΟΝΙΚΗΣ,ΚΕΝΤΡΙΚΗΣ ΜΑΚΕΔΟΝΙΑΣ,ΠΡΩΤ. ΠΕΡΙΦΕΡΕΙΑΣ
55131,ΚΑΛΑΜΑΡΙΑ,ΚΑΛΑΜΑΡΙΑΣ,ΘΕΣΣΑΛΟΝΙΚΗΣ,ΚΕΝΤΡΙΚΗΣ ΜΑΚΕΔΟΝΙΑΣ,ΠΡΩΤ. ΔΗΜΟΥ
55132,ΚΑΛΑΜΑΡΙΑ,ΚΑΛΑΜΑΡΙΑΣ,ΘΕΣΣΑΛΟΝΙΚΗΣ,ΚΕΝΤΡΙΚΗΣ ΜΑΚΕΔΟΝΙΑΣ,ΠΡΩΤ. ΔΗΜΟΥ
55133,ΘΕΣΣΑΛΟΝΙΚΗ,ΘΕΣΣΑΛΟΝΙΚΗΣ,ΘΕΣΣΑΛΟΝΙΚΗΣ,ΚΕΝΤΡΙΚΗΣ ΜΑΚΕΔΟΝΙΑΣ,ΠΡΩΤ. ΠΕΡΙΦΕΡΕΙΑΣ
55133,ΘΕΣΣΑΛΟΝΙΚΗ,ΘΕΣΣΑΛΟΝΙΚΗΣ,ΘΕΣΣΑΛΟΝΙΚΗΣ,ΚΕΝΤΡΙΚΗΣ ΜΑΚΕΔΟΝΙΑΣ,ΠΡΩΤ. ΠΕΡΙΦΕΡΕΙΑΣ
55133,ΘΕΣΣΑΛΟΝΙΚΗ,ΘΕΣΣΑΛΟΝΙΚΗΣ,ΘΕΣΣΑΛΟΝΙΚΗΣ,ΚΕΝΤΡΙΚΗΣ ΜΑΚΕΔΟΝΙΑΣ,ΠΡΩΤ. ΠΕΡΙΦΕΡΕΙΑΣ
55134,ΚΑΛΑΜΑΡΙΑ,ΚΑΛΑΜΑΡΙΑΣ,ΘΕΣΣΑΛΟΝΙΚΗΣ,ΚΕΝΤΡΙΚΗΣ ΜΑΚΕΔΟΝΙΑΣ,ΠΡΩΤ. ΔΗΜΟΥ
55134,ΚΑΛΑΜΑΡΙΑ,ΚΑΛΑΜΑΡΙΑΣ,ΘΕΣΣΑΛΟΝΙΚΗΣ,ΚΕΝΤΡΙΚΗΣ ΜΑΚΕΔΟΝΙΑΣ,ΠΡΩΤ. ΔΗΜΟΥ
55134,ΚΑΛΑΜΑΡΙΑ,ΚΑΛΑΜΑΡΙΑΣ,ΘΕΣΣΑΛΟΝΙΚΗΣ,ΚΕΝΤΡΙΚΗΣ ΜΑΚΕΔΟΝΙΑΣ,ΠΡΩΤ. ΔΗΜΟΥ
55135,ΚΑΛΑΜΑΡΙΑ,ΚΑΛΑΜΑΡΙΑΣ,ΘΕΣΣΑΛΟΝΙΚΗΣ,ΚΕΝΤΡΙΚΗΣ ΜΑΚΕΔΟΝΙΑΣ,ΠΡΩΤ. ΔΗΜΟΥ
55236,ΠΑΝΟΡΑΜΑ,ΠΑΝΟΡΑΜΑΤΟΣ,ΘΕΣΣΑΛΟΝΙΚΗΣ,ΚΕΝΤΡΙΚΗΣ ΜΑΚΕΔΟΝΙΑΣ,ΠΡΩΤ. ΔΗΜΟΥ
55337,ΤΡΙΑΝΔΡΙΑ,ΤΡΙΑΝΔΡΙΑΣ,ΘΕΣΣΑΛΟΝΙΚΗΣ,ΚΕΝΤΡΙΚΗΣ ΜΑΚΕΔΟΝΙΑΣ,ΠΡΩΤ. ΔΗΜΟΥ
55437,ΑΓΙΟΣ ΠΑΥΛΟΣ,ΑΓΙΟΥ ΠΑΥΛΟΥ,ΘΕΣΣΑΛΟΝΙΚΗΣ,ΚΕΝΤΡΙΚΗΣ ΜΑΚΕΔΟΝΙΑΣ,ΠΡΩΤ. ΔΗΜΟΥ
55438,ΑΓΙΟΣ ΠΑΥΛΟΣ,ΑΓΙΟΥ ΠΑΥΛΟΥ,ΘΕΣΣΑΛΟΝΙΚΗΣ,ΚΕΝΤΡΙΚΗΣ ΜΑΚΕΔΟΝΙΑΣ,ΠΡΩΤ. ΔΗΜΟΥ
55534,ΠΥΛΑΙΑ,ΠΥΛΑΙΑΣ,ΘΕΣΣΑΛΟΝΙΚΗΣ,ΚΕΝΤΡΙΚΗΣ ΜΑΚΕΔΟΝΙΑΣ,ΠΡΩΤ. ΔΗΜΟΥ
55535,ΘΕΣΣΑΛΟΝΙΚΗ,ΘΕΣΣΑΛΟΝΙΚΗΣ,ΘΕΣΣΑΛΟΝΙΚΗΣ,ΚΕΝΤΡΙΚΗΣ ΜΑΚΕΔΟΝΙΑΣ,ΠΡΩΤ. ΠΕΡΙΦΕΡΕΙΑΣ
55536,ΠΥΛΑΙΑ,ΠΥΛΑΙΑΣ,ΘΕΣΣΑΛΟΝΙΚΗΣ,ΚΕΝΤΡΙΚΗΣ ΜΑΚΕΔΟΝΙΑΣ,ΠΡΩΤ. ΔΗΜΟΥ
56121,ΑΜΠΕΛΟΚΗΠΟΙ,ΑΜΠΕΛΟΚΗΠΩΝ,ΘΕΣΣΑΛΟΝΙΚΗΣ,ΚΕΝΤΡΙΚΗΣ ΜΑΚΕΔΟΝΙΑΣ,ΠΡΩΤ. ΔΗΜΟΥ
56121,ΑΜΠΕΛΟΚΗΠΟΙ,ΑΜΠΕΛΟΚΗΠΩΝ,ΘΕΣΣΑΛΟΝΙΚΗΣ,ΚΕΝΤΡΙΚΗΣ ΜΑΚΕΔΟΝΙΑΣ,ΠΡΩΤ. ΔΗΜΟΥ
56122,ΜΕΝΕΜΕΝΗ,ΜΕΝΕΜΕΝΗΣ,ΘΕΣΣΑΛΟΝΙΚΗΣ,ΚΕΝΤΡΙΚΗΣ ΜΑΚΕΔΟΝΙΑΣ,ΠΡΩΤ. ΔΗΜΟΥ
56123,ΑΜΠΕΛΟΚΗΠΟΙ,ΑΜΠΕΛΟΚΗΠΩΝ,ΘΕΣΣΑΛΟΝΙΚΗΣ,ΚΕΝΤΡΙΚΗΣ ΜΑΚΕΔΟΝΙΑΣ,ΠΡΩΤ. ΔΗΜΟΥ
56224,ΕΥΟΣΜΟ,ΕΥΟΣΜΟΥ,ΘΕΣΣΑΛΟΝΙΚΗΣ,ΚΕΝΤΡΙΚΗΣ ΜΑΚΕΔΟΝΙΑΣ,ΠΡΩΤ. ΔΗΜΟΥ
56225,ΕΥΟΣΜΟ,ΕΥΟΣΜΟΥ,ΘΕΣΣΑΛΟΝΙΚΗΣ,ΚΕΝΤΡΙΚΗΣ ΜΑΚΕΔΟΝΙΑΣ,ΠΡΩΤ. ΔΗΜΟΥ
56226,ΕΥΟΣΜΟ,ΕΥΟΣΜΟΥ,ΘΕΣΣΑΛΟΝΙΚΗΣ,ΚΕΝΤΡΙΚΗΣ ΜΑΚΕΔΟΝΙΑΣ,ΠΡΩΤ. ΔΗΜΟΥ
56238,ΕΥΟΣΜΟ,ΕΥΟΣΜΟΥ,ΘΕΣΣΑΛΟΝΙΚΗΣ,ΚΕΝΤΡΙΚΗΣ ΜΑΚΕΔΟΝΙΑΣ,ΠΡΩΤ. ΔΗΜΟΥ
56334,ΕΛΕΥΘΕΡΙΟ-ΚΟΡΔΕΛΙΟ,ΕΛΕΥΘΕΡΙΟΥ - ΚΟΡΔΕΛΙΟΥ,ΘΕΣΣΑΛΟΝΙΚΗΣ,ΚΕΝΤΡΙΚΗΣ ΜΑΚΕΔΟΝΙΑΣ,ΠΡΩΤ. ΔΗΜΟΥ
56429,ΕΥΚΑΡΠΙΑ,ΕΥΚΑΡΠΙΑΣ,ΘΕΣΣΑΛΟΝΙΚΗΣ,ΚΕΝΤΡΙΚΗΣ ΜΑΚΕΔΟΝΙΑΣ,ΠΡΩΤ. ΚΟΙΝΟΤΗΤΑΣ
56430,ΣΤΑΥΡΟΥΠΟΛΗ,ΣΤΑΥΡΟΥΠΟΛΗΣ,ΘΕΣΣΑΛΟΝΙΚΗΣ,ΚΕΝΤΡΙΚΗΣ ΜΑΚΕΔΟΝΙΑΣ,ΠΡΩΤ. ΔΗΜΟΥ
56430,ΣΤΑΥΡΟΥΠΟΛΗ,ΣΤΑΥΡΟΥΠΟΛΗΣ,ΘΕΣΣΑΛΟΝΙΚΗΣ,ΚΕΝΤΡΙΚΗΣ ΜΑΚΕΔΟΝΙΑΣ,ΠΡΩΤ. ΔΗΜΟΥ
56431,ΣΤΑΥΡΟΥΠΟΛΗ,ΣΤΑΥΡΟΥΠΟΛΗΣ,ΘΕΣΣΑΛΟΝΙΚΗΣ,ΚΕΝΤΡΙΚΗΣ ΜΑΚΕΔΟΝΙΑΣ,ΠΡΩΤ. ΔΗΜΟΥ
56436,ΣΤΑΥΡΟΥΠΟΛΗ,ΣΤΑΥΡΟΥΠΟΛΗΣ,ΘΕΣΣΑΛΟΝΙΚΗΣ,ΚΕΝΤΡΙΚΗΣ ΜΑΚΕΔΟΝΙΑΣ,ΠΡΩΤ. ΔΗΜΟΥ
56437,ΣΤΑΥΡΟΥΠΟΛΗ,ΣΤΑΥΡΟΥΠΟΛΗΣ,ΘΕΣΣΑΛΟΝΙΚΗΣ,ΚΕΝΤΡΙΚΗΣ ΜΑΚΕΔΟΝΙΑΣ,ΠΡΩΤ. ΔΗΜΟΥ
56450,ΕΥΚΑΡΠΙΑ,ΕΥΚΑΡΠΙΑΣ,ΘΕΣΣΑΛΟΝΙΚΗΣ,ΚΕΝΤΡΙΚΗΣ ΜΑΚΕΔΟΝΙΑΣ,ΠΡΩΤ. ΚΟΙΝΟΤΗΤΑΣ
56532,ΠΟΛΙΧΝΗ,ΠΟΛΙΧΝΗΣ,ΘΕΣΣΑΛΟΝΙΚΗΣ,ΚΕΝΤΡΙΚΗΣ ΜΑΚΕΔΟΝΙΑΣ,ΠΡΩΤ. ΔΗΜΟΥ
56533,ΠΟΛΙΧΝΗ,ΠΟΛΙΧΝΗΣ,ΘΕΣΣΑΛΟΝΙΚΗΣ,ΚΕΝΤΡΙΚΗΣ ΜΑΚΕΔΟΝΙΑΣ,ΠΡΩΤ. ΔΗΜΟΥ
56535,ΠΟΛΙΧΝΗ,ΠΟΛΙΧΝΗΣ,ΘΕΣΣΑΛΟΝΙΚΗΣ,ΚΕΝΤΡΙΚΗΣ ΜΑΚΕΔΟΝΙΑΣ,ΠΡΩΤ. ΔΗΜΟΥ
56550,ΠΟΛΙΧΝΗ,ΠΟΛΙΧΝΗΣ,ΘΕΣΣΑΛΟΝΙΚΗΣ,ΚΕΝΤΡΙΚΗΣ ΜΑΚΕΔΟΝΙΑΣ,ΠΡΩΤ. ΔΗΜΟΥ
56625,ΣΥΚΙΕΣ,ΣΥΚΕΩΝ,ΘΕΣΣΑΛΟΝΙΚΗΣ,ΚΕΝΤΡΙΚΗΣ ΜΑΚΕΔΟΝΙΑΣ,ΠΡΩΤ. ΔΗΜΟΥ
56626,ΣΥΚΙΕΣ,ΣΥΚΕΩΝ,ΘΕΣΣΑΛΟΝΙΚΗΣ,ΚΕΝΤΡΙΚΗΣ ΜΑΚΕΔΟΝΙΑΣ,ΠΡΩΤ. ΔΗΜΟΥ
56727,ΝΕΑΠΟΛΗ,ΝΕΑΠΟΛΕΩΣ,ΘΕΣΣΑΛΟΝΙΚΗΣ,ΚΕΝΤΡΙΚΗΣ ΜΑΚΕΔΟΝΙΑΣ,ΠΡΩΤ. ΔΗΜΟΥ
56728,ΝΕΑΠΟΛΗ,ΝΕΑΠΟΛΕΩΣ,ΘΕΣΣΑΛΟΝΙΚΗΣ,ΚΕΝΤΡΙΚΗΣ ΜΑΚΕΔΟΝΙΑΣ,ΠΡΩΤ. ΔΗΜΟΥ
57000,ΝΕΑ ΡΑΙΔΕΣΤΟΣ,ΘΕΡΜΗΣ,ΘΕΣΣΑΛΟΝΙΚΗΣ,ΚΕΝΤΡΙΚΗΣ ΜΑΚΕΔΟΝΙΑΣ,ΠΡΩΤ. ΔΗΜ. ΔΙΑΜΕΡ.
57001,ΘΕΡΜΗ,ΘΕΡΜΗΣ,ΘΕΣΣΑΛΟΝΙΚΗΣ,ΚΕΝΤΡΙΚΗΣ ΜΑΚΕΔΟΝΙΑΣ,ΠΡΩΤ. ΔΗΜΟΥ
57002,ΣΟΧΟΣ,ΣΟΧΟΥ,ΘΕΣΣΑΛΟΝΙΚΗΣ,ΚΕΝΤΡΙΚΗΣ ΜΑΚΕΔΟΝΙΑΣ,ΠΡΩΤ. ΔΗΜΟΥ
57003,ΑΓΙΟΣ ΑΘΑΝΑΣΙΟΣ,ΑΓΙΟΥ ΑΘΑΝΑΣΙΟΥ,ΘΕΣΣΑΛΟΝΙΚΗΣ,ΚΕΝΤΡΙΚΗΣ ΜΑΚΕΔΟΝΙΑΣ,ΠΡΩΤ. ΔΗΜΟΥ
57004,ΝΕΑ ΜΗΧΑΝΙΩΝΑ,ΜΗΧΑΝΙΩΝΑΣ,ΘΕΣΣΑΛΟΝΙΚΗΣ,ΚΕΝΤΡΙΚΗΣ ΜΑΚΕΔΟΝΙΑΣ,ΠΡΩΤ. ΔΗΜΟΥ
57006,ΒΑΣΙΛΙΚΑ,ΒΑΣΙΛΙΚΩΝ,ΘΕΣΣΑΛΟΝΙΚΗΣ,ΚΕΝΤΡΙΚΗΣ ΜΑΚΕΔΟΝΙΑΣ,ΠΡΩΤ. ΔΗΜΟΥ
57007,ΧΑΛΚΗΔΩΝΑ,ΧΑΛΚΗΔΟΝΟΣ,ΘΕΣΣΑΛΟΝΙΚΗΣ,ΚΕΝΤΡΙΚΗΣ ΜΑΚΕΔΟΝΙΑΣ,ΠΡΩΤ. ΔΗΜΟΥ
57008,ΔΙΑΒΑΤΑ,ΕΧΕΔΩΡΟΥ,ΘΕΣΣΑΛΟΝΙΚΗΣ,ΚΕΝΤΡΙΚΗΣ ΜΑΚΕΔΟΝΙΑΣ,ΠΡΩΤ. ΔΗΜ. ΔΙΑΜΕΡ.
57009,ΚΑΛΟΧΩΡΙ,ΕΧΕΔΩΡΟΥ,ΘΕΣΣΑΛΟΝΙΚΗΣ,ΚΕΝΤΡΙΚΗΣ ΜΑΚΕΔΟΝΙΑΣ,ΠΡΩΤ. ΔΗΜ. ΔΙΑΜΕΡ.
57010,ΠΕΥΚΑ,ΧΟΡΤΙΑΤΗ,ΘΕΣΣΑΛΟΝΙΚΗΣ,ΚΕΝΤΡΙΚΗΣ ΜΑΚΕΔΟΝΙΑΣ,ΠΡΩΤ. ΚΟΙΝΟΤΗΤΑΣ
57011,ΓΕΦΥΡΑ,ΑΓΙΟΥ ΑΘΑΝΑΣΙΟΥ,ΘΕΣΣΑΛΟΝΙΚΗΣ,ΚΕΝΤΡΙΚΗΣ ΜΑΚΕΔΟΝΙΑΣ,ΠΡΩΤ. ΔΗΜ. ΔΙΑΜΕΡ.
57012,ΖΑΓΚΛΙΒΕΡΙ,ΚΑΛΛΙΝΔΟΙΩΝ,ΘΕΣΣΑΛΟΝΙΚΗΣ,ΚΕΝΤΡΙΚΗΣ ΜΑΚΕΔΟΝΙΑΣ,ΠΡΩΤ. ΔΗΜΟΥ
57013,ΩΡΑΙΟΚΑΣΤΡΟ,ΩΡΑΙΟΚΑΣΤΡΟΥ,ΘΕΣΣΑΛΟΝΙΚΗΣ,ΚΕΝΤΡΙΚΗΣ ΜΑΚΕΔΟΝΙΑΣ,ΠΡΩΤ. ΔΗΜΟΥ
57014,ΣΤΑΥΡΟΣ,ΡΕΝΤΙΝΑΣ,ΘΕΣΣΑΛΟΝΙΚΗΣ,ΚΕΝΤΡΙΚΗΣ ΜΑΚΕΔΟΝΙΑΣ,ΠΡΩΤ. ΔΗΜΟΥ
57014,ΣΤΑΥΡΟΣ,ΡΕΝΤΙΝΑΣ,ΘΕΣΣΑΛΟΝΙΚΗΣ,ΚΕΝΤΡΙΚΗΣ ΜΑΚΕΔΟΝΙΑΣ,ΠΡΩΤ. ΔΗΜΟΥ
57018,ΜΕΛΙΣΣΟΧΩΡΙ,ΜΥΓΔΟΝΙΑΣ,ΘΕΣΣΑΛΟΝΙΚΗΣ,ΚΕΝΤΡΙΚΗΣ ΜΑΚΕΔΟΝΙΑΣ,ΠΡΩΤ. ΔΗΜ. ΔΙΑΜΕΡ.
57019,ΠΕΡΑΙΑ,ΘΕΡΜΑΪΚΟΥ,ΘΕΣΣΑΛΟΝΙΚΗΣ,ΚΕΝΤΡΙΚΗΣ ΜΑΚΕΔΟΝΙΑΣ,ΠΡΩΤ. ΔΗΜΟΥ
57021,ΑΣΠΡΟΒΑΛΤΑ,ΑΓΙΟΥ ΓΕΩΡΓΙΟΥ,ΘΕΣΣΑΛΟΝΙΚΗΣ,ΚΕΝΤΡΙΚΗΣ ΜΑΚΕΔΟΝΙΑΣ,ΠΡΩΤ. ΔΗΜΟΥ
57022,ΣΙΝΔΟΣ,ΕΧΕΔΩΡΟΥ,ΘΕΣΣΑΛΟΝΙΚΗΣ,ΚΕΝΤΡΙΚΗΣ ΜΑΚΕΔΟΝΙΑΣ,ΠΡΩΤ. ΔΗΜΟΥ
57100,ΚΟΥΦΑΛΙΑ,ΚΟΥΦΑΛΙΩΝ,ΘΕΣΣΑΛΟΝΙΚΗΣ,ΚΕΝΤΡΙΚΗΣ ΜΑΚΕΔΟΝΙΑΣ,ΠΡΩΤ. ΔΗΜΟΥ
57200,ΛΑΓΚΑΔΑΣ,ΛΑΓΚΑΔΑ,ΘΕΣΣΑΛΟΝΙΚΗΣ,ΚΕΝΤΡΙΚΗΣ ΜΑΚΕΔΟΝΙΑΣ,ΠΡΩΤ. ΔΗΜΟΥ
57300,ΧΑΛΑΣΤΡΑ,ΧΑΛΑΣΤΡΑΣ,ΘΕΣΣΑΛΟΝΙΚΗΣ,ΚΕΝΤΡΙΚΗΣ ΜΑΚΕΔΟΝΙΑΣ,ΠΡΩΤ. ΔΗΜΟΥ
57400,ΣΙΝΔΟΣ,ΕΧΕΔΩΡΟΥ,ΘΕΣΣΑΛΟΝΙΚΗΣ,ΚΕΝΤΡΙΚΗΣ ΜΑΚΕΔΟΝΙΑΣ,ΠΡΩΤ. ΔΗΜΟΥ
57500,ΕΠΑΝΟΜΗ,ΕΠΑΝΟΜΗΣ,ΘΕΣΣΑΛΟΝΙΚΗΣ,ΚΕΝΤΡΙΚΗΣ ΜΑΚΕΔΟΝΙΑΣ,ΠΡΩΤ. ΔΗΜΟΥ
58002,ΑΡΝΙΣΣΑ,ΒΕΓΟΡΙΤΙΔΑΣ,ΠΕΛΛΗΣ,ΚΕΝΤΡΙΚΗΣ ΜΑΚΕΔΟΝΙΑΣ,ΠΡΩΤ. ΔΗΜΟΥ
58005,ΠΕΛΛΑ,ΠΕΛΛΑΣ,ΠΕΛΛΗΣ,ΚΕΝΤΡΙΚΗΣ ΜΑΚΕΔΟΝΙΑΣ,ΠΡΩΤ. ΔΗΜΟΥ
58100,ΓΙΑΝΝΙΤΣΑ,ΓΙΑΝΝΙΤΣΩΝ,ΠΕΛΛΗΣ,ΚΕΝΤΡΙΚΗΣ ΜΑΚΕΔΟΝΙΑΣ,ΠΡΩΤ. ΔΗΜΟΥ
58200,ΕΔΕΣΣΑ,ΕΔΕΣΣΑΣ,ΠΕΛΛΗΣ,ΚΕΝΤΡΙΚΗΣ ΜΑΚΕΔΟΝΙΑΣ,ΠΡΩΤ. ΝΟΜΟΥ
58300,ΚΡΥΑ ΒΡΥΣΗ,ΚΡΥΑΣ ΒΡΥΣΗΣ,ΠΕΛΛΗΣ,ΚΕΝΤΡΙΚΗΣ ΜΑΚΕΔΟΝΙΑΣ,ΠΡΩΤ. ΔΗΜΟΥ
58400,ΑΡΙΔΑΙΑ,ΑΡΙΔΑΙΑΣ,ΠΕΛΛΗΣ,ΚΕΝΤΡΙΚΗΣ ΜΑΚΕΔΟΝΙΑΣ,ΠΡΩΤ. ΔΗΜΟΥ
58500,ΣΚΥΔΡΑ,ΣΚΥΔΡΑΣ,ΠΕΛΛΗΣ,ΚΕΝΤΡΙΚΗΣ ΜΑΚΕΔΟΝΙΑΣ,ΠΡΩΤ. ΔΗΜΟΥ
59031,ΜΕΛΙΚΗ,ΜΕΛΙΚΗΣ,ΗΜΑΘΙΑΣ,ΚΕΝΤΡΙΚΗΣ ΜΑΚΕΔΟΝΙΑΣ,ΠΡΩΤ. ΔΗΜΟΥ
59035,ΚΟΠΑΝΟΣ,ΑΝΘΕΜΙΩΝ,ΗΜΑΘΙΑΣ,ΚΕΝΤΡΙΚΗΣ ΜΑΚΕΔΟΝΙΑΣ,ΠΡΩΤ. ΔΗΜΟΥ
59131,ΒΕΡΟΙΑ,ΒΕΡΟΙΑΣ,ΗΜΑΘΙΑΣ,ΚΕΝΤΡΙΚΗΣ ΜΑΚΕΔΟΝΙΑΣ,ΠΡΩΤ. ΝΟΜΟΥ
59132,ΒΕΡΟΙΑ,ΒΕΡΟΙΑΣ,ΗΜΑΘΙΑΣ,ΚΕΝΤΡΙΚΗΣ ΜΑΚΕΔΟΝΙΑΣ,ΠΡΩΤ. ΝΟΜΟΥ
59150,ΒΕΡΟΙΑ,ΒΕΡΟΙΑΣ,ΗΜΑΘΙΑΣ,ΚΕΝΤΡΙΚΗΣ ΜΑΚΕΔΟΝΙΑΣ,ΠΡΩΤ. ΝΟΜΟΥ
59200,ΝΑΟΥΣΑ,ΝΑΟΥΣΑΣ,ΗΜΑΘΙΑΣ,ΚΕΝΤΡΙΚΗΣ ΜΑΚΕΔΟΝΙΑΣ,ΠΡΩΤ. ΔΗΜΟΥ
59300,ΑΛΕΞΑΝΔΡΕΙΑ,ΑΛΕΞΑΝΔΡΕΙΑΣ,ΗΜΑΘΙΑΣ,ΚΕΝΤΡΙΚΗΣ ΜΑΚΕΔΟΝΙΑΣ,ΠΡΩΤ. ΔΗΜΟΥ
60063,ΛΕΠΤΟΚΑΡΥΑ,ΑΝΑΤΟΛΙΚΟΥ ΟΛΥΜΠΟΥ,ΠΙΕΡΙΑΣ,ΚΕΝΤΡΙΚΗΣ ΜΑΚΕΔΟΝΙΑΣ,ΠΡΩΤ. ΔΗΜΟΥ
60065,ΠΛΑΤΑΜΩΝΑΣ,ΑΝΑΤΟΛΙΚΟΥ ΟΛΥΜΠΟΥ,ΠΙΕΡΙΑΣ,ΚΕΝΤΡΙΚΗΣ ΜΑΚΕΔΟΝΙΑΣ,ΠΡΩΤ. ΔΗΜ. ΔΙΑΜΕΡ.
60131,ΚΑΤΕΡΙΝΗ,ΚΑΤΕΡΙΝΗΣ,ΠΙΕΡΙΑΣ,ΚΕΝΤΡΙΚΗΣ ΜΑΚΕΔΟΝΙΑΣ,ΠΡΩΤ. ΝΟΜΟΥ
60132,ΚΑΤΕΡΙΝΗ,ΚΑΤΕΡΙΝΗΣ,ΠΙΕΡΙΑΣ,ΚΕΝΤΡΙΚΗΣ ΜΑΚΕΔΟΝΙΑΣ,ΠΡΩΤ. ΝΟΜΟΥ
60133,ΚΑΤΕΡΙΝΗ,ΚΑΤΕΡΙΝΗΣ,ΠΙΕΡΙΑΣ,ΚΕΝΤΡΙΚΗΣ ΜΑΚΕΔΟΝΙΑΣ,ΠΡΩΤ. ΝΟΜΟΥ
60134,ΚΑΤΕΡΙΝΗ,ΚΑΤΕΡΙΝΗΣ,ΠΙΕΡΙΑΣ,ΚΕΝΤΡΙΚΗΣ ΜΑΚΕΔΟΝΙΑΣ,ΠΡΩΤ. ΝΟΜΟΥ
60150,ΚΙΤΡΟΣ,ΠΥΔΝΑΣ,ΠΙΕΡΙΑΣ,ΚΕΝΤΡΙΚΗΣ ΜΑΚΕΔΟΝΙΑΣ,ΠΡΩΤ. ΔΗΜΟΥ
60150,ΚΟΡΙΝΟΣ,ΚΟΡΙΝΟΥ,ΠΙΕΡΙΑΣ,ΚΕΝΤΡΙΚΗΣ ΜΑΚΕΔΟΝΙΑΣ,ΠΡΩΤ. ΔΗΜΟΥ
60200,ΛΙΤΟΧΩΡΟ,ΛΙΤΟΧΩΡΟΥ,ΠΙΕΡΙΑΣ,ΚΕΝΤΡΙΚΗΣ ΜΑΚΕΔΟΝΙΑΣ,ΠΡΩΤ. ΔΗΜΟΥ
60300,ΑΙΓΙΝΙΟ,ΑΙΓΙΝΙΟΥ,ΠΙΕΡΙΑΣ,ΚΕΝΤΡΙΚΗΣ ΜΑΚΕΔΟΝΙΑΣ,ΠΡΩΤ. ΔΗΜΟΥ
61007,ΕΥΡΩΠΟΣ,ΕΥΡΩΠΟΥ,ΚΙΛΚΙΣ,ΚΕΝΤΡΙΚΗΣ ΜΑΚΕΔΟΝΙΑΣ,ΠΡΩΤ. ΔΗΜΟΥ
61100,ΚΙΛΚΙΣ,ΚΙΛΚΙΣ,ΚΙΛΚΙΣ,ΚΕΝΤΡΙΚΗΣ ΜΑΚΕΔΟΝΙΑΣ,ΠΡΩΤ. ΝΟΜΟΥ
61200,ΠΟΛΥΚΑΣΤΡΟ,ΠΟΛΥΚΑΣΤΡΟΥ,ΚΙΛΚΙΣ,ΚΕΝΤΡΙΚΗΣ ΜΑΚΕΔΟΝΙΑΣ,ΠΡΩΤ. ΔΗΜΟΥ
61300,ΓΟΥΜΕΝΙΣΣΑ,ΓΟΥΜΕΝΙΣΣΑΣ,ΚΙΛΚΙΣ,ΚΕΝΤΡΙΚΗΣ ΜΑΚΕΔΟΝΙΑΣ,ΠΡΩΤ. ΔΗΜΟΥ
62041,ΡΟΔΟΛΙΒΟΣ,ΡΟΔΟΛΙΒΟΥΣ,ΣΕΡΡΩΝ,ΚΕΝΤΡΙΚΗΣ ΜΑΚΕΔΟΝΙΑΣ,ΠΡΩΤ. ΔΗΜΟΥ
62042,ΝΕΑ ΖΙΧΝΗ,ΝΕΑΣ ΖΙΧΝΗΣ,ΣΕΡΡΩΝ,ΚΕΝΤΡΙΚΗΣ ΜΑΚΕΔΟΝΙΑΣ,ΠΡΩΤ. ΔΗΜΟΥ
62047,ΠΡΩΤΗ,ΠΡΩΤΗΣ,ΣΕΡΡΩΝ,ΚΕΝΤΡΙΚΗΣ ΜΑΚΕΔΟΝΙΑΣ,ΠΡΩΤ. ΔΗΜΟΥ
62049,ΜΑΥΡΟΘΑΛΑΣΣΑ,ΤΡΑΓΙΛΟΥ,ΣΕΡΡΩΝ,ΚΕΝΤΡΙΚΗΣ ΜΑΚΕΔΟΝΙΑΣ,ΠΡΩΤ. ΔΗΜΟΥ
62055,ΑΝΩ ΠΟΡΟΙΑ,ΚΕΡΚΙΝΗΣ,ΣΕΡΡΩΝ,ΚΕΝΤΡΙΚΗΣ ΜΑΚΕΔΟΝΙΑΣ,ΠΡΩΤ. ΔΗΜ. ΔΙΑΜΕΡ.
62121,ΣΕΡΡΕΣ,ΣΕΡΡΩΝ,ΣΕΡΡΩΝ,ΚΕΝΤΡΙΚΗΣ ΜΑΚΕΔΟΝΙΑΣ,ΠΡΩΤ. ΝΟΜΟΥ
62122,ΣΕΡΡΕΣ,ΣΕΡΡΩΝ,ΣΕΡΡΩΝ,ΚΕΝΤΡΙΚΗΣ ΜΑΚΕΔΟΝΙΑΣ,ΠΡΩΤ. ΝΟΜΟΥ
62123,ΣΕΡΡΕΣ,ΣΕΡΡΩΝ,ΣΕΡΡΩΝ,ΚΕΝΤΡΙΚΗΣ ΜΑΚΕΔΟΝΙΑΣ,ΠΡΩΤ. ΝΟΜΟΥ
62124,ΣΕΡΡΕΣ,ΣΕΡΡΩΝ,ΣΕΡΡΩΝ,ΚΕΝΤΡΙΚΗΣ ΜΑΚΕΔΟΝΙΑΣ,ΠΡΩΤ. ΝΟΜΟΥ
62125,ΣΕΡΡΕΣ,ΣΕΡΡΩΝ,ΣΕΡΡΩΝ,ΚΕΝΤΡΙΚΗΣ ΜΑΚΕΔΟΝΙΑΣ,ΠΡΩΤ. ΝΟΜΟΥ
62200,ΝΙΓΡΙΤΑ,ΝΙΓΡΙΤΗΣ,ΣΕΡΡΩΝ,ΚΕΝΤΡΙΚΗΣ ΜΑΚΕΔΟΝΙΑΣ,ΠΡΩΤ. ΔΗΜΟΥ
62300,ΣΙΔΗΡΟΚΑΣΤΡΟ,ΣΙΔΗΡΟΚΑΣΤΡΟΥ,ΣΕΡΡΩΝ,ΚΕΝΤΡΙΚΗΣ ΜΑΚΕΔΟΝΙΑΣ,ΠΡΩΤ. ΔΗΜΟΥ
62400,ΗΡΑΚΛΕΙΑ,ΗΡΑΚΛΕΙΑΣ,ΣΕΡΡΩΝ,ΚΕΝΤΡΙΚΗΣ ΜΑΚΕΔΟΝΙΑΣ,ΠΡΩΤ. ΔΗΜΟΥ
62500,ΝΕΟΣ ΣΚΟΠΟΣ,ΣΤΡΥΜΩΝΑ,ΣΕΡΡΩΝ,ΚΕΝΤΡΙΚΗΣ ΜΑΚΕΔΟΝΙΑΣ,ΠΡΩΤ. ΔΗΜΟΥ
63072,ΣΥΚΙΑ,ΤΟΡΩΝΗΣ,ΧΑΛΚΙΔΙΚΗΣ,ΚΕΝΤΡΙΚΗΣ ΜΑΚΕΔΟΝΙΑΣ,ΠΡΩΤ. ΔΗΜΟΥ
63073,ΓΑΛΑΤΙΣΤΑ,ΑΝΘΕΜΟΥΝΤΑ,ΧΑΛΚΙΔΙΚΗΣ,ΚΕΝΤΡΙΚΗΣ ΜΑΚΕΔΟΝΙΑΣ,ΠΡΩΤ. ΔΗΜΟΥ
63074,ΑΡΝΑΙΑ,ΑΡΝΑΙΑΣ,ΧΑΛΚΙΔΙΚΗΣ,ΚΕΝΤΡΙΚΗΣ ΜΑΚΕΔΟΝΙΑΣ,ΠΡΩΤ. ΔΗΜΟΥ
63074,ΑΡΝΑΙΑ,ΑΡΝΑΙΑΣ,ΧΑΛΚΙΔΙΚΗΣ,ΚΕΝΤΡΙΚΗΣ ΜΑΚΕΔΟΝΙΑΣ,ΠΡΩΤ. ΔΗΜΟΥ
63075,ΙΕΡΙΣΣΟΣ,ΣΤΑΓΙΡΩΝ - ΑΚΑΝΘΟΥ,ΧΑΛΚΙΔΙΚΗΣ,ΚΕΝΤΡΙΚΗΣ ΜΑΚΕΔΟΝΙΑΣ,ΠΡΩΤ. ΔΗΜΟΥ
63075,ΙΕΡΙΣΣΟΣ,ΣΤΑΓΙΡΩΝ - ΑΚΑΝΘΟΥ,ΧΑΛΚΙΔΙΚΗΣ,ΚΕΝΤΡΙΚΗΣ ΜΑΚΕΔΟΝΙΑΣ,ΠΡΩΤ. ΔΗΜΟΥ
63075,ΙΕΡΙΣΣΟΣ,ΣΤΑΓΙΡΩΝ - ΑΚΑΝΘΟΥ,ΧΑΛΚΙΔΙΚΗΣ,ΚΕΝΤΡΙΚΗΣ ΜΑΚΕΔΟΝΙΑΣ,ΠΡΩΤ. ΔΗΜΟΥ
63075,ΙΕΡΙΣΣΟΣ,ΣΤΑΓΙΡΩΝ - ΑΚΑΝΘΟΥ,ΧΑΛΚΙΔΙΚΗΣ,ΚΕΝΤΡΙΚΗΣ ΜΑΚΕΔΟΝΙΑΣ,ΠΡΩΤ. ΔΗΜΟΥ
63077,ΚΑΣΣΑΝΔΡΕΙΑ,ΚΑΣΣΑΝΔΡΑΣ,ΧΑΛΚΙΔΙΚΗΣ,ΚΕΝΤΡΙΚΗΣ ΜΑΚΕΔΟΝΙΑΣ,ΠΡΩΤ. ΔΗΜΟΥ
63078,ΑΓΙΟΣ ΝΙΚΟΛΑΟΣ,ΣΙΘΩΝΙΑΣ,ΧΑΛΚΙΔΙΚΗΣ,ΚΕΝΤΡΙΚΗΣ ΜΑΚΕΔΟΝΙΑΣ,ΠΡΩΤ. ΔΗΜ. ΔΙΑΜΕΡ.
63078,ΑΓΙΟΣ ΝΙΚΟΛΑΟΣ,ΣΙΘΩΝΙΑΣ,ΧΑΛΚΙΔΙΚΗΣ,ΚΕΝΤΡΙΚΗΣ ΜΑΚΕΔΟΝΙΑΣ,ΠΡΩΤ. ΔΗΜ. ΔΙΑΜΕΡ.
63078,ΑΓΙΟΣ ΝΙΚΟΛΑΟΣ,ΣΙΘΩΝΙΑΣ,ΧΑΛΚΙΔΙΚΗΣ,ΚΕΝΤΡΙΚΗΣ ΜΑΚΕΔΟΝΙΑΣ,ΠΡΩΤ. ΔΗΜ. ΔΙΑΜΕΡ.
63078,ΑΓΙΟΣ ΝΙΚΟΛΑΟΣ,ΣΙΘΩΝΙΑΣ,ΧΑΛΚΙΔΙΚΗΣ,ΚΕΝΤΡΙΚΗΣ ΜΑΚΕΔΟΝΙΑΣ,ΠΡΩΤ. ΔΗΜ. ΔΙΑΜΕΡ.
63078,ΑΓΙΟΣ ΝΙΚΟΛΑΟΣ,ΣΙΘΩΝΙΑΣ,ΧΑΛΚΙΔΙΚΗΣ,ΚΕΝΤΡΙΚΗΣ ΜΑΚΕΔΟΝΙΑΣ,ΠΡΩΤ. ΔΗΜ. ΔΙΑΜΕΡ.
63080,ΝΕΑ ΚΑΛΛΙΚΡΑΤΕΙΑ,ΚΑΛΛΙΚΡΑΤΕΙΑΣ,ΧΑΛΚΙΔΙΚΗΣ,ΚΕΝΤΡΙΚΗΣ ΜΑΚΕΔΟΝΙΑΣ,ΠΡΩΤ. ΔΗΜΟΥ
63081,ΝΕΟΣ ΜΑΡΜΑΡΑΣ,ΣΙΘΩΝΙΑΣ,ΧΑΛΚΙΔΙΚΗΣ,ΚΕΝΤΡΙΚΗΣ ΜΑΚΕΔΟΝΙΑΣ,ΠΡΩΤ. ΔΗΜ. ΔΙΑΜΕΡ.
63081,ΝΕΟΣ ΜΑΡΜΑΡΑΣ,ΣΙΘΩΝΙΑΣ,ΧΑΛΚΙΔΙΚΗΣ,ΚΕΝΤΡΙΚΗΣ ΜΑΚΕΔΟΝΙΑΣ,ΠΡΩΤ. ΔΗΜ. ΔΙΑΜΕΡ.
63081,ΝΕΟΣ ΜΑΡΜΑΡΑΣ,ΣΙΘΩΝΙΑΣ,ΧΑΛΚΙΔΙΚΗΣ,ΚΕΝΤΡΙΚΗΣ ΜΑΚΕΔΟΝΙΑΣ,ΠΡΩΤ. ΔΗΜ. ΔΙΑΜΕΡ.
63081,ΝΕΟΣ ΜΑΡΜΑΡΑΣ,ΣΙΘΩΝΙΑΣ,ΧΑΛΚΙΔΙΚΗΣ,ΚΕΝΤΡΙΚΗΣ ΜΑΚΕΔΟΝΙΑΣ,ΠΡΩΤ. ΔΗΜ. ΔΙΑΜΕΡ.
63085,ΠΕΥΚΟΧΩΡΙ,ΠΑΛΛΗΝΗΣ,ΧΑΛΚΙΔΙΚΗΣ,ΚΕΝΤΡΙΚΗΣ ΜΑΚΕΔΟΝΙΑΣ,ΠΡΩΤ. ΔΗΜ. ΔΙΑΜΕΡ.
63086,ΚΑΡΥΕΣ,ΑΓΙΟΥ ΟΡΟΥΣ,ΧΑΛΚΙΔΙΚΗΣ,ΚΕΝΤΡΙΚΗΣ ΜΑΚΕΔΟΝΙΑΣ,ΠΡΩΤ. ΝΟΜΟΥ
63087,ΜΟΝΗ ΞΕΝΟΦΩΝΤΟΣ,ΑΓΙΟΥ ΟΡΟΥΣ,ΧΑΛΚΙΔΙΚΗΣ,ΚΕΝΤΡΙΚΗΣ ΜΑΚΕΔΟΝΙΑΣ,
63088,ΝΙΚΗΤΗ,ΣΙΘΩΝΙΑΣ,ΧΑΛΚΙΔΙΚΗΣ,ΚΕΝΤΡΙΚΗΣ ΜΑΚΕΔΟΝΙΑΣ,ΠΡΩΤ. ΔΗΜΟΥ
63100,ΠΟΛΥΓΥΡΟΣ,ΠΟΛΥΓΥΡΟΥ,ΧΑΛΚΙΔΙΚΗΣ,ΚΕΝΤΡΙΚΗΣ ΜΑΚΕΔΟΝΙΑΣ,ΠΡΩΤ. ΝΟΜΟΥ
63200,ΝΕΑ ΜΟΥΔΑΝΙΑ,ΜΟΥΔΑΝΙΩΝ,ΧΑΛΚΙΔΙΚΗΣ,ΚΕΝΤΡΙΚΗΣ ΜΑΚΕΔΟΝΙΑΣ,ΠΡΩΤ. ΔΗΜΟΥ
63200,ΝΕΑ ΜΟΥΔΑΝΙΑ,ΜΟΥΔΑΝΙΩΝ,ΧΑΛΚΙΔΙΚΗΣ,ΚΕΝΤΡΙΚΗΣ ΜΑΚΕΔΟΝΙΑΣ,ΠΡΩΤ. ΔΗΜΟΥ
64002,ΛΙΜΕΝΑΡΙΑ,ΘΑΣΟΥ,ΚΑΒΑΛΑΣ,ΑΝΑΤΟΛΙΚΗΣ ΜΑΚΕΔΟΝΙΑΣ - ΘΡΑΚΗΣ,
64003,ΚΡΗΝΙΔΕΣ,ΦΙΛΙΠΠΩΝ,ΚΑΒΑΛΑΣ,ΑΝΑΤΟΛΙΚΗΣ ΜΑΚΕΔΟΝΙΑΣ - ΘΡΑΚΗΣ,ΠΡΩΤ. ΔΗΜΟΥ
64004,ΘΑΣΟΣ,ΘΑΣΟΥ,ΚΑΒΑΛΑΣ,ΑΝΑΤΟΛΙΚΗΣ ΜΑΚΕΔΟΝΙΑΣ - ΘΡΑΚΗΣ,ΠΡΩΤ. ΔΗΜΟΥ
64005,ΘΕΟΛΟΓΟΣ,ΘΑΣΟΥ,ΚΑΒΑΛΑΣ,ΑΝΑΤΟΛΙΚΗΣ ΜΑΚΕΔΟΝΙΑΣ - ΘΡΑΚΗΣ,ΠΡΩΤ. ΔΗΜ. ΔΙΑΜΕΡ.
64005,ΘΕΟΛΟΓΟΣ,ΘΑΣΟΥ,ΚΑΒΑΛΑΣ,ΑΝΑΤΟΛΙΚΗΣ ΜΑΚΕΔΟΝΙΑΣ - ΘΡΑΚΗΣ,ΠΡΩΤ. ΔΗΜ. ΔΙΑΜΕΡ.
64006,ΝΕΑ ΚΑΡΒΑΛΗ,ΚΑΒΑΛΑΣ,ΚΑΒΑΛΑΣ,ΑΝΑΤΟΛΙΚΗΣ ΜΑΚΕΔΟΝΙΑΣ - ΘΡΑΚΗΣ,ΠΡΩΤ. ΔΗΜ. ΔΙΑΜΕΡ.
64007,ΝΕΑ ΠΕΡΑΜΟΣ,ΕΛΕΥΘΕΡΩΝ,ΚΑΒΑΛΑΣ,ΑΝΑΤΟΛΙΚΗΣ ΜΑΚΕΔΟΝΙΑΣ - ΘΡΑΚΗΣ,ΠΡΩΤ. ΔΗΜΟΥ
64008,ΟΦΡΥΝΙΟ,ΟΡΦΑΝΟΥ,ΚΑΒΑΛΑΣ,ΑΝΑΤΟΛΙΚΗΣ ΜΑΚΕΔΟΝΙΑΣ - ΘΡΑΚΗΣ,ΠΡΩΤ. ΔΗΜ. ΔΙΑΜΕΡ.
64009,ΛΕΚΑΝΗ,ΟΡΕΙΝΟΥ,ΚΑΒΑΛΑΣ,ΑΝΑΤΟΛΙΚΗΣ ΜΑΚΕΔΟΝΙΑΣ - ΘΡΑΚΗΣ,ΠΡΩΤ. ΔΗΜΟΥ
64010,ΠΡΙΝΟΣ,ΘΑΣΟΥ,ΚΑΒΑΛΑΣ,ΑΝΑΤΟΛΙΚΗΣ ΜΑΚΕΔΟΝΙΑΣ - ΘΡΑΚΗΣ,
64100,ΕΛΕΥΘΕΡΟΥΠΟΛΗ,ΕΛΕΥΘΕΡΟΥΠΟΛΗΣ,ΚΑΒΑΛΑΣ,ΑΝΑΤΟΛΙΚΗΣ ΜΑΚΕΔΟΝΙΑΣ - ΘΡΑΚΗΣ,ΠΡΩΤ. ΔΗΜΟΥ
64200,ΧΡΥΣΟΥΠΟΛΗ,ΧΡΥΣΟΥΠΟΛΗΣ,ΚΑΒΑΛΑΣ,ΑΝΑΤΟΛΙΚΗΣ ΜΑΚΕΔΟΝΙΑΣ - ΘΡΑΚΗΣ,ΠΡΩΤ. ΔΗΜΟΥ
65201,ΑΣΠΡΗ ΑΜΜΟΣ,ΚΑΒΑΛΑΣ,ΚΑΒΑΛΑΣ,ΑΝΑΤΟΛΙΚΗΣ ΜΑΚΕΔΟΝΙΑΣ - ΘΡΑΚΗΣ,
65302,ΣΑΝΑΤΟΡΙΟ,ΚΑΒΑΛΑΣ,ΚΑΒΑΛΑΣ,ΑΝΑΤΟΛΙΚΗΣ ΜΑΚΕΔΟΝΙΑΣ - ΘΡΑΚΗΣ,
65403,ΚΑΒΑΛΑ,ΚΑΒΑΛΑΣ,ΚΑΒΑΛΑΣ,ΑΝΑΤΟΛΙΚΗΣ ΜΑΚΕΔΟΝΙΑΣ - ΘΡΑΚΗΣ,ΠΡΩΤ. ΝΟΜΟΥ
65404,ΠΑΛΑΙΟ ΤΣΙΦΛΙΚΙ,ΚΑΒΑΛΑΣ,ΚΑΒΑΛΑΣ,ΑΝΑΤΟΛΙΚΗΣ ΜΑΚΕΔΟΝΙΑΣ - ΘΡΑΚΗΣ,
65500,ΖΥΓΟΣ,ΦΙΛΙΠΠΩΝ,ΚΑΒΑΛΑΣ,ΑΝΑΤΟΛΙΚΗΣ ΜΑΚΕΔΟΝΙΑΣ - ΘΡΑΚΗΣ,ΠΡΩΤ. ΔΗΜ. ΔΙΑΜΕΡ.
66031,ΚΑΛΑΜΠΑΚΙ,ΚΑΛΑΜΠΑΚΙΟΥ,ΔΡΑΜΑΣ,ΑΝΑΤΟΛΙΚΗΣ ΜΑΚΕΔΟΝΙΑΣ - ΘΡΑΚΗΣ,ΠΡΩΤ. ΔΗΜΟΥ
66033,ΚΑΤΩ ΝΕΥΡΟΚΟΠΙ,ΚΑΤΩ ΝΕΥΡΟΚΟΠΙΟΥ,ΔΡΑΜΑΣ,ΑΝΑΤΟΛΙΚΗΣ ΜΑΚΕΔΟΝΙΑΣ - ΘΡΑΚΗΣ,ΠΡΩΤ. ΔΗΜΟΥ
66034,ΦΩΤΟΛΙΒΟΣ,ΣΙΤΑΓΡΩΝ,ΔΡΑΜΑΣ,ΑΝΑΤΟΛΙΚΗΣ ΜΑΚΕΔΟΝΙΑΣ - ΘΡΑΚΗΣ,ΠΡΩΤ. ΔΗΜΟΥ
66035,ΠΑΡΑΝΕΣΤΙ,ΠΑΡΑΝΕΣΤΙΟΥ,ΔΡΑΜΑΣ,ΑΝΑΤΟΛΙΚΗΣ ΜΑΚΕΔΟΝΙΑΣ - ΘΡΑΚΗΣ,ΠΡΩΤ. ΔΗΜΟΥ
66131,ΔΡΑΜΑ,ΔΡΑΜΑΣ,ΔΡΑΜΑΣ,ΑΝΑΤΟΛΙΚΗΣ ΜΑΚΕΔΟΝΙΑΣ - ΘΡΑΚΗΣ,ΠΡΩΤ. ΝΟΜΟΥ
66132,ΔΡΑΜΑ,ΔΡΑΜΑΣ,ΔΡΑΜΑΣ,ΑΝΑΤΟΛΙΚΗΣ ΜΑΚΕΔΟΝΙΑΣ - ΘΡΑΚΗΣ,ΠΡΩΤ. ΝΟΜΟΥ
66133,ΔΡΑΜΑ,ΔΡΑΜΑΣ,ΔΡΑΜΑΣ,ΑΝΑΤΟΛΙΚΗΣ ΜΑΚΕΔΟΝΙΑΣ - ΘΡΑΚΗΣ,ΠΡΩΤ. ΝΟΜΟΥ
66150,ΧΩΡΙΣΤΗ,ΔΡΑΜΑΣ,ΔΡΑΜΑΣ,ΑΝΑΤΟΛΙΚΗΣ ΜΑΚΕΔΟΝΙΑΣ - ΘΡΑΚΗΣ,ΠΡΩΤ. ΔΗΜ. ΔΙΑΜΕΡ.
66200,ΠΡΟΣΟΤΣΑΝΗ,ΠΡΟΣΟΤΣΑΝΗΣ,ΔΡΑΜΑΣ,ΑΝΑΤΟΛΙΚΗΣ ΜΑΚΕΔΟΝΙΑΣ - ΘΡΑΚΗΣ,ΠΡΩΤ. ΔΗΜΟΥ
66300,ΔΟΞΑΤΟ,ΔΟΞΑΤΟΥ,ΔΡΑΜΑΣ,ΑΝΑΤΟΛΙΚΗΣ ΜΑΚΕΔΟΝΙΑΣ - ΘΡΑΚΗΣ,ΠΡΩΤ. ΔΗΜ. ΔΙΑΜΕΡ.
67062,ΣΤΑΥΡΟΥΠΟΛΗ,ΣΤΑΥΡΟΥΠΟΛΗΣ,ΞΑΝΘΗΣ,ΑΝΑΤΟΛΙΚΗΣ ΜΑΚΕΔΟΝΙΑΣ - ΘΡΑΚΗΣ,ΠΡΩΤ. ΔΗΜΟΥ
67064,ΓΕΝΙΣΕΑ,ΒΙΣΤΩΝΙΔΟΣ,ΞΑΝΘΗΣ,ΑΝΑΤΟΛΙΚΗΣ ΜΑΚΕΔΟΝΙΑΣ - ΘΡΑΚΗΣ,ΠΡΩΤ. ΔΗΜΟΥ
67131,ΞΑΝΘΗ,ΞΑΝΘΗΣ,ΞΑΝΘΗΣ,ΑΝΑΤΟΛΙΚΗΣ ΜΑΚΕΔΟΝΙΑΣ - ΘΡΑΚΗΣ,ΠΡΩΤ. ΝΟΜΟΥ
67132,ΞΑΝΘΗ,ΞΑΝΘΗΣ,ΞΑΝΘΗΣ,ΑΝΑΤΟΛΙΚΗΣ ΜΑΚΕΔΟΝΙΑΣ - ΘΡΑΚΗΣ,ΠΡΩΤ. ΝΟΜΟΥ
67133,ΞΑΝΘΗ,ΞΑΝΘΗΣ,ΞΑΝΘΗΣ,ΑΝΑΤΟΛΙΚΗΣ ΜΑΚΕΔΟΝΙΑΣ - ΘΡΑΚΗΣ,ΠΡΩΤ. ΝΟΜΟΥ
67150,ΚΙΜΜΕΡΙΑ,ΞΑΝΘΗΣ,ΞΑΝΘΗΣ,ΑΝΑΤΟΛΙΚΗΣ ΜΑΚΕΔΟΝΙΑΣ - ΘΡΑΚΗΣ,ΠΡΩΤ. ΔΗΜ. ΔΙΑΜΕΡ.
67200,ΕΥΛΑΛΟ,ΤΟΠΕΙΡΟΥ,ΞΑΝΘΗΣ,ΑΝΑΤΟΛΙΚΗΣ ΜΑΚΕΔΟΝΙΑΣ - ΘΡΑΚΗΣ,ΠΡΩΤ. ΔΗΜΟΥ
67300,ΕΧΙΝΟΣ,ΜΥΚΗΣ,ΞΑΝΘΗΣ,ΑΝΑΤΟΛΙΚΗΣ ΜΑΚΕΔΟΝΙΑΣ - ΘΡΑΚΗΣ,ΠΡΩΤ. ΔΗΜ. ΔΙΑΜΕΡ.
68002,ΣΑΜΟΘΡΑΚΗ,ΣΑΜΟΘΡΑΚΗΣ,ΕΒΡΟΥ,ΑΝΑΤΟΛΙΚΗΣ ΜΑΚΕΔΟΝΙΑΣ - ΘΡΑΚΗΣ,ΠΡΩΤ. ΔΗΜΟΥ
68003,ΤΥΧΕΡΟ,ΤΥΧΕΡΟΥ,ΕΒΡΟΥ,ΑΝΑΤΟΛΙΚΗΣ ΜΑΚΕΔΟΝΙΑΣ - ΘΡΑΚΗΣ,ΠΡΩΤ. ΔΗΜΟΥ
68004,ΛΑΒΑΡΑ,ΟΡΦΕΑ,ΕΒΡΟΥ,ΑΝΑΤΟΛΙΚΗΣ ΜΑΚΕΔΟΝΙΑΣ - ΘΡΑΚΗΣ,ΠΡΩΤ. ΔΗΜΟΥ
68004,ΛΑΒΑΡΑ,ΟΡΦΕΑ,ΕΒΡΟΥ,ΑΝΑΤΟΛΙΚΗΣ ΜΑΚΕΔΟΝΙΑΣ - ΘΡΑΚΗΣ,ΠΡΩΤ. ΔΗΜΟΥ
68006,ΚΥΠΡΙΝΟΣ,ΚΥΠΡΙΝΟΥ,ΕΒΡΟΥ,ΑΝΑΤΟΛΙΚΗΣ ΜΑΚΕΔΟΝΙΑΣ - ΘΡΑΚΗΣ,ΠΡΩΤ. ΔΗΜΟΥ
68007,ΔΙΚΑΙΑ,ΤΡΙΓΩΝΟΥ,ΕΒΡΟΥ,ΑΝΑΤΟΛΙΚΗΣ ΜΑΚΕΔΟΝΙΑΣ - ΘΡΑΚΗΣ,ΠΡΩΤ. ΔΗΜΟΥ
68010,ΜΕΤΑΞΑΔΕΣ,ΜΕΤΑΞΑΔΩΝ,ΕΒΡΟΥ,ΑΝΑΤΟΛΙΚΗΣ ΜΑΚΕΔΟΝΙΑΣ - ΘΡΑΚΗΣ,ΠΡΩΤ. ΔΗΜΟΥ
68131,ΑΛΕΞΑΝΔΡΟΥΠΟΛΗ,ΑΛΕΞΑΝΔΡΟΥΠΟΛΗΣ,ΕΒΡΟΥ,ΑΝΑΤΟΛΙΚΗΣ ΜΑΚΕΔΟΝΙΑΣ - ΘΡΑΚΗΣ,ΠΡΩΤ. ΝΟΜΟΥ
68132,ΑΛΕΞΑΝΔΡΟΥΠΟΛΗ,ΑΛΕΞΑΝΔΡΟΥΠΟΛΗΣ,ΕΒΡΟΥ,ΑΝΑΤΟΛΙΚΗΣ ΜΑΚΕΔΟΝΙΑΣ - ΘΡΑΚΗΣ,ΠΡΩΤ. ΝΟΜΟΥ
68133,ΑΛΕΞΑΝΔΡΟΥΠΟΛΗ,ΑΛΕΞΑΝΔΡΟΥΠΟΛΗΣ,ΕΒΡΟΥ,ΑΝΑΤΟΛΙΚΗΣ ΜΑΚΕΔΟΝΙΑΣ - ΘΡΑΚΗΣ,ΠΡΩΤ. ΝΟΜΟΥ
68150,ΜΑΚΡΗ,ΑΛΕΞΑΝΔΡΟΥΠΟΛΗΣ,ΕΒΡΟΥ,ΑΝΑΤΟΛΙΚΗΣ ΜΑΚΕΔΟΝΙΑΣ - ΘΡΑΚΗΣ,ΠΡΩΤ. ΔΗΜ. ΔΙΑΜΕΡ.
68200,ΟΡΕΣΤΙΑΔΑ,ΟΡΕΣΤΙΑΔΟΣ,ΕΒΡΟΥ,ΑΝΑΤΟΛΙΚΗΣ ΜΑΚΕΔΟΝΙΑΣ - ΘΡΑΚΗΣ,ΠΡΩΤ. ΔΗΜΟΥ
68300,ΔΙΔΥΜΟΤΕΙΧΟ,ΔΙΔΥΜΟΤΕΙΧΟΥ,ΕΒΡΟΥ,ΑΝΑΤΟΛΙΚΗΣ ΜΑΚΕΔΟΝΙΑΣ - ΘΡΑΚΗΣ,ΠΡΩΤ. ΔΗΜΟΥ
68400,ΣΟΥΦΛΙ,ΣΟΥΦΛΙΟΥ,ΕΒΡΟΥ,ΑΝΑΤΟΛΙΚΗΣ ΜΑΚΕΔΟΝΙΑΣ - ΘΡΑΚΗΣ,ΠΡΩΤ. ΔΗΜΟΥ
68500,ΦΕΡΕΣ,ΦΕΡΩΝ,ΕΒΡΟΥ,ΑΝΑΤΟΛΙΚΗΣ ΜΑΚΕΔΟΝΙΑΣ - ΘΡΑΚΗΣ,ΠΡΩΤ. ΔΗΜΟΥ
69131,ΚΟΜΟΤΗΝΗ,ΚΟΜΟΤΗΝΗΣ,ΡΟΔΟΠΗΣ,ΑΝΑΤΟΛΙΚΗΣ ΜΑΚΕΔΟΝΙΑΣ - ΘΡΑΚΗΣ,ΠΡΩΤ. ΠΕΡΙΦΕΡΕΙΑΣ
69132,ΚΟΜΟΤΗΝΗ,ΚΟΜΟΤΗΝΗΣ,ΡΟΔΟΠΗΣ,ΑΝΑΤΟΛΙΚΗΣ ΜΑΚΕΔΟΝΙΑΣ - ΘΡΑΚΗΣ,ΠΡΩΤ. ΠΕΡΙΦΕΡΕΙΑΣ
69133,ΚΟΜΟΤΗΝΗ,ΚΟΜΟΤΗΝΗΣ,ΡΟΔΟΠΗΣ,ΑΝΑΤΟΛΙΚΗΣ ΜΑΚΕΔΟΝΙΑΣ - ΘΡΑΚΗΣ,ΠΡΩΤ. ΠΕΡΙΦΕΡΕΙΑΣ
69150,ΗΦΑΙΣΤΟΣ,ΚΟΜΟΤΗΝΗΣ,ΡΟΔΟΠΗΣ,ΑΝΑΤΟΛΙΚΗΣ ΜΑΚΕΔΟΝΙΑΣ - ΘΡΑΚΗΣ,
69200,ΙΑΣΜΟΣ,ΙΑΣΜΟΥ,ΡΟΔΟΠΗΣ,ΑΝΑΤΟΛΙΚΗΣ ΜΑΚΕΔΟΝΙΑΣ - ΘΡΑΚΗΣ,ΠΡΩΤ. ΔΗΜΟΥ
69300,ΣΑΠΕΣ,ΣΑΠΩΝ,ΡΟΔΟΠΗΣ,ΑΝΑΤΟΛΙΚΗΣ ΜΑΚΕΔΟΝΙΑΣ - ΘΡΑΚΗΣ,ΠΡΩΤ. ΔΗΜΟΥ
69400,ΞΥΛΑΓΑΝΗ,ΜΑΡΩΝΕΙΑΣ,ΡΟΔΟΠΗΣ,ΑΝΑΤΟΛΙΚΗΣ ΜΑΚΕΔΟΝΙΑΣ - ΘΡΑΚΗΣ,ΠΡΩΤ. ΔΗΜΟΥ
70003,ΑΓΙΑ ΒΑΡΒΑΡΑ,ΑΓΙΑΣ ΒΑΡΒΑΡΑΣ,ΗΡΑΚΛΕΙΟΥ,ΚΡΗΤΗΣ,ΠΡΩΤ. ΔΗΜΟΥ
70004,ΑΝΩ ΒΙΑΝΝΟΣ,ΒΙΑΝΝΟΥ,ΗΡΑΚΛΕΙΟΥ,ΚΡΗΤΗΣ,ΠΡΩΤ. ΔΗΜΟΥ
70006,ΚΑΣΤΕΛΛΙ,ΚΑΣΤΕΛΛΙΟΥ,ΗΡΑΚΛΕΙΟΥ,ΚΡΗΤΗΣ,ΠΡΩΤ. ΔΗΜΟΥ
70007,ΜΑΛΙΑ,ΜΑΛΙΩΝ,ΗΡΑΚΛΕΙΟΥ,ΚΡΗΤΗΣ,ΠΡΩΤ. ΔΗΜΟΥ
70008,ΕΠΙΣΚΟΠΗ,ΕΠΙΣΚΟΠΗΣ,ΗΡΑΚΛΕΙΟΥ,ΚΡΗΤΗΣ,ΠΡΩΤ. ΔΗΜΟΥ
70010,ΠΥΡΓΟΣ,ΑΣΤΕΡΟΥΣΙΩΝ,ΗΡΑΚΛΕΙΟΥ,ΚΡΗΤΗΣ,ΠΡΩΤ. ΔΗΜΟΥ
70013,ΚΑΤΩ ΑΣΙΤΕΣ,ΓΟΡΓΟΛΑΙΝΗ,ΗΡΑΚΛΕΙΟΥ,ΚΡΗΤΗΣ,ΠΡΩΤ. ΔΗΜ. ΔΙΑΜΕΡ.
70014,ΛΙΜΗΝ ΧΕΡΣΟΝΗΣΟΥ,ΧΕΡΣΟΝΗΣΟΥ,ΗΡΑΚΛΕΙΟΥ,ΚΡΗΤΗΣ,ΠΡΩΤ. ΔΗΜΟΥ
70016,ΑΣΗΜΙ,ΚΟΦΙΝΑ,ΗΡΑΚΛΕΙΟΥ,ΚΡΗΤΗΣ,ΠΡΩΤ. ΔΗΜΟΥ
70100,ΕΠΑΝΩ ΑΡΧΑΝΕΣ,ΑΡΧΑΝΩΝ,ΗΡΑΚΛΕΙΟΥ,ΚΡΗΤΗΣ,ΠΡΩΤ. ΔΗΜΟΥ
70200,ΤΥΜΠΑΚΙ,ΤΥΜΠΑΚΙΟΥ,ΗΡΑΚΛΕΙΟΥ,ΚΡΗΤΗΣ,ΠΡΩΤ. ΔΗΜΟΥ
70300,ΑΡΚΑΛΟΧΩΡΙ,ΑΡΚΑΛΟΧΩΡΙΟΥ,ΗΡΑΚΛΕΙΟΥ,ΚΡΗΤΗΣ,ΠΡΩΤ. ΔΗΜΟΥ
70400,ΜΟΙΡΕΣ,ΜΟΙΡΩΝ,ΗΡΑΚΛΕΙΟΥ,ΚΡΗΤΗΣ,ΠΡΩΤ. ΔΗΜΟΥ
70400,ΜΟΙΡΕΣ,ΜΟΙΡΩΝ,ΗΡΑΚΛΕΙΟΥ,ΚΡΗΤΗΣ,ΠΡΩΤ. ΔΗΜΟΥ
70400,ΜΟΙΡΕΣ,ΜΟΙΡΩΝ,ΗΡΑΚΛΕΙΟΥ,ΚΡΗΤΗΣ,ΠΡΩΤ. ΔΗΜΟΥ
70400,ΜΟΙΡΕΣ,ΜΟΙΡΩΝ,ΗΡΑΚΛΕΙΟΥ,ΚΡΗΤΗΣ,ΠΡΩΤ. ΔΗΜΟΥ
71201,ΗΡΑΚΛΕΙΟ,ΗΡΑΚΛΕΙΟΥ,ΗΡΑΚΛΕΙΟΥ,ΚΡΗΤΗΣ,ΠΡΩΤ. ΠΕΡΙΦΕΡΕΙΑΣ
71202,ΗΡΑΚΛΕΙΟ,ΗΡΑΚΛΕΙΟΥ,ΗΡΑΚΛΕΙΟΥ,ΚΡΗΤΗΣ,ΠΡΩΤ. ΠΕΡΙΦΕΡΕΙΑΣ
71303,ΗΡΑΚΛΕΙΟ,ΗΡΑΚΛΕΙΟΥ,ΗΡΑΚΛΕΙΟΥ,ΚΡΗΤΗΣ,ΠΡΩΤ. ΠΕΡΙΦΕΡΕΙΑΣ
71304,ΗΡΑΚΛΕΙΟ,ΗΡΑΚΛΕΙΟΥ,ΗΡΑΚΛΕΙΟΥ,ΚΡΗΤΗΣ,ΠΡΩΤ. ΠΕΡΙΦΕΡΕΙΑΣ
71305,ΗΡΑΚΛΕΙΟ,ΗΡΑΚΛΕΙΟΥ,ΗΡΑΚΛΕΙΟΥ,ΚΡΗΤΗΣ,ΠΡΩΤ. ΠΕΡΙΦΕΡΕΙΑΣ
71306,ΗΡΑΚΛΕΙΟ,ΗΡΑΚΛΕΙΟΥ,ΗΡΑΚΛΕΙΟΥ,ΚΡΗΤΗΣ,ΠΡΩΤ. ΠΕΡΙΦΕΡΕΙΑΣ
71307,ΗΡΑΚΛΕΙΟ,ΗΡΑΚΛΕΙΟΥ,ΗΡΑΚΛΕΙΟΥ,ΚΡΗΤΗΣ,ΠΡΩΤ. ΠΕΡΙΦΕΡΕΙΑΣ
71408,ΝΕΑ ΑΛΙΚΑΡΝΑΣΣΟΣ,ΝΕΑΣ ΑΛΙΚΑΡΝΑΣΣΟΥ,ΗΡΑΚΛΕΙΟΥ,ΚΡΗΤΗΣ,ΠΡΩΤ. ΔΗΜΟΥ
71409,ΚΝΩΣΟΣ,ΗΡΑΚΛΕΙΟΥ,ΗΡΑΚΛΕΙΟΥ,ΚΡΗΤΗΣ,
71414,ΓΑΖΙ,ΓΑΖΙΟΥ,ΗΡΑΚΛΕΙΟΥ,ΚΡΗΤΗΣ,ΠΡΩΤ. ΔΗΜΟΥ
71500,ΤΥΛΙΣΟΣ,ΤΥΛΙΣΟΥ,ΗΡΑΚΛΕΙΟΥ,ΚΡΗΤΗΣ,ΠΡΩΤ. ΔΗΜΟΥ
71500,ΤΥΛΙΣΟΣ,ΤΥΛΙΣΟΥ,ΗΡΑΚΛΕΙΟΥ,ΚΡΗΤΗΣ,ΠΡΩΤ. ΔΗΜΟΥ
72052,ΤΖΕΡΜΙΑΔΟ,ΟΡΟΠΕΔΙΟΥ ΛΑΣΙΘΙΟΥ,ΛΑΣΙΘΙΟΥ,ΚΡΗΤΗΣ,ΠΡΩΤ. ΔΗΜΟΥ
72053,ΣΧΙΣΜΑ,ΑΓΙΟΥ ΝΙΚΟΛΑΟΥ,ΛΑΣΙΘΙΟΥ,ΚΡΗΤΗΣ,ΠΡΩΤ. ΔΗΜ. ΔΙΑΜΕΡ.
72053,ΣΧΙΣΜΑ,ΑΓΙΟΥ ΝΙΚΟΛΑΟΥ,ΛΑΣΙΘΙΟΥ,ΚΡΗΤΗΣ,ΠΡΩΤ. ΔΗΜ. ΔΙΑΜΕΡ.
72055,ΚΟΥΤΣΟΥΡΑΣ,ΜΑΚΡΥ ΓΙΑΛΟΥ,ΛΑΣΙΘΙΟΥ,ΚΡΗΤΗΣ,ΠΡΩΤ. ΔΗΜΟΥ
72100,ΑΓΙΟΣ ΝΙΚΟΛΑΟΣ,ΑΓΙΟΥ ΝΙΚΟΛΑΟΥ,ΛΑΣΙΘΙΟΥ,ΚΡΗΤΗΣ,ΠΡΩΤ. ΝΟΜΟΥ
72150,ΚΡΙΤΣΑ,ΑΓΙΟΥ ΝΙΚΟΛΑΟΥ,ΛΑΣΙΘΙΟΥ,ΚΡΗΤΗΣ,ΠΡΩΤ. ΔΗΜ. ΔΙΑΜΕΡ.
72150,ΚΡΙΤΣΑ,ΑΓΙΟΥ ΝΙΚΟΛΑΟΥ,ΛΑΣΙΘΙΟΥ,ΚΡΗΤΗΣ,ΠΡΩΤ. ΔΗΜ. ΔΙΑΜΕΡ.
72150,ΚΡΙΤΣΑ,ΑΓΙΟΥ ΝΙΚΟΛΑΟΥ,ΛΑΣΙΘΙΟΥ,ΚΡΗΤΗΣ,ΠΡΩΤ. ΔΗΜ. ΔΙΑΜΕΡ.
72200,ΙΕΡΑΠΕΤΡΑ,ΙΕΡΑΠΕΤΡΑΣ,ΛΑΣΙΘΙΟΥ,ΚΡΗΤΗΣ,ΠΡΩΤ. ΔΗΜΟΥ
72200,ΙΕΡΑΠΕΤΡΑ,ΙΕΡΑΠΕΤΡΑΣ,ΛΑΣΙΘΙΟΥ,ΚΡΗΤΗΣ,ΠΡΩΤ. ΔΗΜΟΥ
72300,ΣΗΤΕΙΑ,ΣΗΤΕΙΑΣ,ΛΑΣΙΘΙΟΥ,ΚΡΗΤΗΣ,ΠΡΩΤ. ΔΗΜΟΥ
72300,ΣΗΤΕΙΑ,ΣΗΤΕΙΑΣ,ΛΑΣΙΘΙΟΥ,ΚΡΗΤΗΣ,ΠΡΩΤ. ΔΗΜΟΥ
72300,ΣΗΤΕΙΑ,ΣΗΤΕΙΑΣ,ΛΑΣΙΘΙΟΥ,ΚΡΗΤΗΣ,ΠΡΩΤ. ΔΗΜΟΥ
72300,ΣΗΤΕΙΑ,ΣΗΤΕΙΑΣ,ΛΑΣΙΘΙΟΥ,ΚΡΗΤΗΣ,ΠΡΩΤ. ΔΗΜΟΥ
72300,ΣΗΤΕΙΑ,ΣΗΤΕΙΑΣ,ΛΑΣΙΘΙΟΥ,ΚΡΗΤΗΣ,ΠΡΩΤ. ΔΗΜΟΥ
72300,ΣΗΤΕΙΑ,ΣΗΤΕΙΑΣ,ΛΑΣΙΘΙΟΥ,ΚΡΗΤΗΣ,ΠΡΩΤ. ΔΗΜΟΥ
72300,ΣΗΤΕΙΑ,ΣΗΤΕΙΑΣ,ΛΑΣΙΘΙΟΥ,ΚΡΗΤΗΣ,ΠΡΩΤ. ΔΗΜΟΥ
72400,ΝΕΑΠΟΛΗ,ΝΕΑΠΟΛΗΣ,ΛΑΣΙΘΙΟΥ,ΚΡΗΤΗΣ,ΠΡΩΤ. ΔΗΜΟΥ
72400,ΝΕΑΠΟΛΗ,ΝΕΑΠΟΛΗΣ,ΛΑΣΙΘΙΟΥ,ΚΡΗΤΗΣ,ΠΡΩΤ. ΔΗΜΟΥ
73001,ΠΑΛΑΙΟΧΩΡΑ,ΠΕΛΕΚΑΝΟΥ,ΧΑΝΙΩΝ,ΚΡΗΤΗΣ,ΠΡΩΤ. ΔΗΜΟΥ
73001,ΠΑΛΑΙΟΧΩΡΑ,ΠΕΛΕΚΑΝΟΥ,ΧΑΝΙΩΝ,ΚΡΗΤΗΣ,ΠΡΩΤ. ΔΗΜΟΥ
73001,ΠΑΛΑΙΟΧΩΡΑ,ΠΕΛΕΚΑΝΟΥ,ΧΑΝΙΩΝ,ΚΡΗΤΗΣ,ΠΡΩΤ. ΔΗΜΟΥ
73001,ΠΑΛΑΙΟΧΩΡΑ,ΠΕΛΕΚΑΝΟΥ,ΧΑΝΙΩΝ,ΚΡΗΤΗΣ,ΠΡΩΤ. ΔΗΜΟΥ
73002,ΒΟΥΚΟΛΙΕΣ,ΒΟΥΚΟΛΙΩΝ,ΧΑΝΙΩΝ,ΚΡΗΤΗΣ,ΠΡΩΤ. ΔΗΜΟΥ
73003,ΚΑΛΥΒΕΣ,ΑΡΜΕΝΩΝ,ΧΑΝΙΩΝ,ΚΡΗΤΗΣ,ΠΡΩΤ. ΔΗΜΟΥ
73003,ΚΑΛΥΒΕΣ,ΑΡΜΕΝΩΝ,ΧΑΝΙΩΝ,ΚΡΗΤΗΣ,ΠΡΩΤ. ΔΗΜΟΥ
73004,ΚΑΝΤΑΝΟΣ,ΚΑΝΤΑΝΟΥ,ΧΑΝΙΩΝ,ΚΡΗΤΗΣ,ΠΡΩΤ. ΔΗΜΟΥ
73005,ΑΛΙΚΙΑΝΟΣ,ΜΟΥΣΟΥΡΩΝ,ΧΑΝΙΩΝ,ΚΡΗΤΗΣ,ΠΡΩΤ. ΔΗΜΟΥ
73006,ΚΟΛΥΜΒΑΡΙ,ΚΟΛΥΜΒΑΡΙΟΥ,ΧΑΝΙΩΝ,ΚΡΗΤΗΣ,ΠΡΩΤ. ΔΗΜΟΥ
73007,ΒΡΥΣΕΣ,ΚΡΥΟΝΕΡΙΔΑΣ,ΧΑΝΙΩΝ,ΚΡΗΤΗΣ,ΠΡΩΤ. ΔΗΜΟΥ
73011,ΧΩΡΑ ΣΦΑΚΙΩΝ,ΣΦΑΚΙΩΝ,ΧΑΝΙΩΝ,ΚΡΗΤΗΣ,ΠΡΩΤ. ΔΗΜΟΥ
73014,ΑΓΙΑ ΜΑΡΙΝΑ,ΠΛΑΤΑΝΙΑ,ΧΑΝΙΩΝ,ΚΡΗΤΗΣ,ΠΡΩΤ. ΔΗΜ. ΔΙΑΜΕΡ.
73014,ΑΓΙΑ ΜΑΡΙΝΑ,ΠΛΑΤΑΝΙΑ,ΧΑΝΙΩΝ,ΚΡΗΤΗΣ,ΠΡΩΤ. ΔΗΜ. ΔΙΑΜΕΡ.
73131,ΔΑΡΑΤΣΟΣ,ΝΕΑΣ ΚΥΔΩΝΙΑΣ,ΧΑΝΙΩΝ,ΚΡΗΤΗΣ,ΠΡΩΤ. ΔΗΜΟΥ
73132,ΧΑΝΙΑ,ΧΑΝΙΩΝ,ΧΑΝΙΩΝ,ΚΡΗΤΗΣ,ΠΡΩΤ. ΝΟΜΟΥ
73133,ΧΑΝΙΑ,ΧΑΝΙΩΝ,ΧΑΝΙΩΝ,ΚΡΗΤΗΣ,ΠΡΩΤ. ΝΟΜΟΥ
73134,ΧΑΝΙΑ,ΧΑΝΙΩΝ,ΧΑΝΙΩΝ,ΚΡΗΤΗΣ,ΠΡΩΤ. ΝΟΜΟΥ
73135,ΧΑΝΙΑ,ΧΑΝΙΩΝ,ΧΑΝΙΩΝ,ΚΡΗΤΗΣ,ΠΡΩΤ. ΝΟΜΟΥ
73136,ΧΑΝΙΑ,ΧΑΝΙΩΝ,ΧΑΝΙΩΝ,ΚΡΗΤΗΣ,ΠΡΩΤ. ΝΟΜΟΥ
73200,ΣΟΥΔΑ,ΣΟΥΔΑΣ,ΧΑΝΙΩΝ,ΚΡΗΤΗΣ,ΠΡΩΤ. ΔΗΜΟΥ
73300,ΜΟΥΡΝΙΕΣ,ΕΛΕΥΘΕΡΙΟΥ ΒΕΝΙΖΕΛΟΥ,ΧΑΝΙΩΝ,ΚΡΗΤΗΣ,ΠΡΩΤ. ΔΗΜΟΥ
73400,ΚΙΣΣΑΜΟΣ,ΚΙΣΣΑΜΟΥ,ΧΑΝΙΩΝ,ΚΡΗΤΗΣ,ΠΡΩΤ. ΔΗΜΟΥ
73400,ΚΙΣΣΑΜΟΣ,ΚΙΣΣΑΜΟΥ,ΧΑΝΙΩΝ,ΚΡΗΤΗΣ,ΠΡΩΤ. ΔΗΜΟΥ
73400,ΚΙΣΣΑΜΟΣ,ΚΙΣΣΑΜΟΥ,ΧΑΝΙΩΝ,ΚΡΗΤΗΣ,ΠΡΩΤ. ΔΗΜΟΥ
73400,ΚΙΣΣΑΜΟΣ,ΚΙΣΣΑΜΟΥ,ΧΑΝΙΩΝ,ΚΡΗΤΗΣ,ΠΡΩΤ. ΔΗΜΟΥ
73500,ΔΑΡΑΤΣΟΣ,ΝΕΑΣ ΚΥΔΩΝΙΑΣ,ΧΑΝΙΩΝ,ΚΡΗΤΗΣ,ΠΡΩΤ. ΔΗΜΟΥ
73500,ΚΟΥΝΟΥΠΙΔΙΑΝΑ,ΑΚΡΩΤΗΡΙΟΥ,ΧΑΝΙΩΝ,ΚΡΗΤΗΣ,ΠΡΩΤ. ΔΗΜ. ΔΙΑΜΕΡ.
74051,ΑΝΩΓΕΙΑ,ΑΝΩΓΕΙΩΝ,ΡΕΘΥΜΝΗΣ,ΚΡΗΤΗΣ,ΠΡΩΤ. ΔΗΜΟΥ
74052,ΠΕΡΑΜΑ,ΓΕΡΟΠΟΤΑΜΟΥ,ΡΕΘΥΜΝΗΣ,ΚΡΗΤΗΣ,ΠΡΩΤ. ΔΗΜΟΥ
74053,ΣΠΗΛΙ,ΛΑΜΠΗΣ,ΡΕΘΥΜΝΗΣ,ΚΡΗΤΗΣ,ΠΡΩΤ. ΔΗΜΟΥ
74053,ΣΠΗΛΙ,ΛΑΜΠΗΣ,ΡΕΘΥΜΝΗΣ,ΚΡΗΤΗΣ,ΠΡΩΤ. ΔΗΜΟΥ
74053,ΣΠΗΛΙ,ΛΑΜΠΗΣ,ΡΕΘΥΜΝΗΣ,ΚΡΗΤΗΣ,ΠΡΩΤ. ΔΗΜΟΥ
74055,ΕΠΙΣΚΟΠΗ,ΛΑΠΠΑΙΩΝ,ΡΕΘΥΜΝΗΣ,ΚΡΗΤΗΣ,ΠΡΩΤ. ΔΗΜΟΥ
74061,ΦΟΥΡΦΟΥΡΑΣ,ΚΟΥΡΗΤΩΝ,ΡΕΘΥΜΝΗΣ,ΚΡΗΤΗΣ,ΠΡΩΤ. ΔΗΜΟΥ
74131,ΡΕΘΥΜΝΟ,ΡΕΘΥΜΝΗΣ,ΡΕΘΥΜΝΗΣ,ΚΡΗΤΗΣ,ΠΡΩΤ. ΝΟΜΟΥ
74132,ΡΕΘΥΜΝΟ,ΡΕΘΥΜΝΗΣ,ΡΕΘΥΜΝΗΣ,ΚΡΗΤΗΣ,ΠΡΩΤ. ΝΟΜΟΥ
74133,ΡΕΘΥΜΝΟ,ΡΕΘΥΜΝΗΣ,ΡΕΘΥΜΝΗΣ,ΚΡΗΤΗΣ,ΠΡΩΤ. ΝΟΜΟΥ
74150,ΒΙΟΛΙ ΧΑΡΑΚΙ,ΡΕΘΥΜΝΗΣ,ΡΕΘΥΜΝΗΣ,ΚΡΗΤΗΣ,
80100,ΚΥΘΗΡΑ,ΚΥΘΗΡΩΝ,ΠΕΙΡΑΙΩΣ,ΑΤΤΙΚΗΣ,ΠΡΩΤ. ΔΗΜΟΥ
80100,ΚΥΘΗΡΑ,ΚΥΘΗΡΩΝ,ΠΕΙΡΑΙΩΣ,ΑΤΤΙΚΗΣ,ΠΡΩΤ. ΔΗΜΟΥ
80200,ΠΟΤΑΜΟΣ,ΚΥΘΗΡΩΝ,ΠΕΙΡΑΙΩΣ,ΑΤΤΙΚΗΣ,ΠΡΩΤ. ΔΗΜ. ΔΙΑΜΕΡ.
81101,ΑΓΙΑΣΟΣ,ΑΓΙΑΣΟΥ,ΛΕΣΒΟΥ,ΒΟΡΕΙΟΥ ΑΙΓΑΙΟΥ,ΠΡΩΤ. ΔΗΜΟΥ
81102,ΑΓΙΑ ΠΑΡΑΣΚΕΥΗ,ΑΓΙΑΣ ΠΑΡΑΣΚΕΥΗΣ,ΛΕΣΒΟΥ,ΒΟΡΕΙΟΥ ΑΙΓΑΙΟΥ,ΠΡΩΤ. ΔΗΜΟΥ
81103,ΑΝΤΙΣΣΑ,ΕΡΕΣΟΥ - ΑΝΤΙΣΣΗΣ,ΛΕΣΒΟΥ,ΒΟΡΕΙΟΥ ΑΙΓΑΙΟΥ,ΠΡΩΤ. ΔΗΜ. ΔΙΑΜΕΡ.
81103,ΑΝΤΙΣΣΑ,ΕΡΕΣΟΥ - ΑΝΤΙΣΣΗΣ,ΛΕΣΒΟΥ,ΒΟΡΕΙΟΥ ΑΙΓΑΙΟΥ,ΠΡΩΤ. ΔΗΜ. ΔΙΑΜΕΡ.
81103,ΑΝΤΙΣΣΑ,ΕΡΕΣΟΥ - ΑΝΤΙΣΣΗΣ,ΛΕΣΒΟΥ,ΒΟΡΕΙΟΥ ΑΙΓΑΙΟΥ,ΠΡΩΤ. ΔΗΜ. ΔΙΑΜΕΡ.
81104,ΜΑΝΤΑΜΑΔΟΣ,ΜΑΝΤΑΜΑΔΟΥ,ΛΕΣΒΟΥ,ΒΟΡΕΙΟΥ ΑΙΓΑΙΟΥ,ΠΡΩΤ. ΔΗΜΟΥ
81104,ΜΑΝΤΑΜΑΔΟΣ,ΜΑΝΤΑΜΑΔΟΥ,ΛΕΣΒΟΥ,ΒΟΡΕΙΟΥ ΑΙΓΑΙΟΥ,ΠΡΩΤ. ΔΗΜΟΥ
81104,ΜΑΝΤΑΜΑΔΟΣ,ΜΑΝΤΑΜΑΔΟΥ,ΛΕΣΒΟΥ,ΒΟΡΕΙΟΥ ΑΙΓΑΙΟΥ,ΠΡΩΤ. ΔΗΜΟΥ
81104,ΜΑΝΤΑΜΑΔΟΣ,ΜΑΝΤΑΜΑΔΟΥ,ΛΕΣΒΟΥ,ΒΟΡΕΙΟΥ ΑΙΓΑΙΟΥ,ΠΡΩΤ. ΔΗΜΟΥ
81104,ΜΑΝΤΑΜΑΔΟΣ,ΜΑΝΤΑΜΑΔΟΥ,ΛΕΣΒΟΥ,ΒΟΡΕΙΟΥ ΑΙΓΑΙΟΥ,ΠΡΩΤ. ΔΗΜΟΥ
81104,ΜΑΝΤΑΜΑΔΟΣ,ΜΑΝΤΑΜΑΔΟΥ,ΛΕΣΒΟΥ,ΒΟΡΕΙΟΥ ΑΙΓΑΙΟΥ,ΠΡΩΤ. ΔΗΜΟΥ
81104,ΜΑΝΤΑΜΑΔΟΣ,ΜΑΝΤΑΜΑΔΟΥ,ΛΕΣΒΟΥ,ΒΟΡΕΙΟΥ ΑΙΓΑΙΟΥ,ΠΡΩΤ. ΔΗΜΟΥ
81105,ΕΡΕΣΟΣ,ΕΡΕΣΟΥ - ΑΝΤΙΣΣΗΣ,ΛΕΣΒΟΥ,ΒΟΡΕΙΟΥ ΑΙΓΑΙΟΥ,ΠΡΩΤ. ΔΗΜΟΥ
81105,ΕΡΕΣΟΣ,ΕΡΕΣΟΥ - ΑΝΤΙΣΣΗΣ,ΛΕΣΒΟΥ,ΒΟΡΕΙΟΥ ΑΙΓΑΙΟΥ,ΠΡΩΤ. ΔΗΜΟΥ
81106,ΠΑΠΠΑΔΟΣ,ΓΕΡΑΣ,ΛΕΣΒΟΥ,ΒΟΡΕΙΟΥ ΑΙΓΑΙΟΥ,ΠΡΩΤ. ΔΗΜΟΥ
81106,ΠΑΠΠΑΔΟΣ,ΓΕΡΑΣ,ΛΕΣΒΟΥ,ΒΟΡΕΙΟΥ ΑΙΓΑΙΟΥ,ΠΡΩΤ. ΔΗΜΟΥ
81107,ΚΑΛΛΟΝΗ,ΚΑΛΛΟΝΗΣ,ΛΕΣΒΟΥ,ΒΟΡΕΙΟΥ ΑΙΓΑΙΟΥ,ΠΡΩΤ. ΔΗΜΟΥ
81108,ΜΗΘΥΜΝΑ,ΜΗΘΥΜΝΑΣ,ΛΕΣΒΟΥ,ΒΟΡΕΙΟΥ ΑΙΓΑΙΟΥ,ΠΡΩΤ. ΔΗΜΟΥ
81109,ΠΕΤΡΑ,ΠΕΤΡΑΣ,ΛΕΣΒΟΥ,ΒΟΡΕΙΟΥ ΑΙΓΑΙΟΥ,ΠΡΩΤ. ΔΗΜΟΥ
81109,ΠΕΤΡΑ,ΠΕΤΡΑΣ,ΛΕΣΒΟΥ,ΒΟΡΕΙΟΥ ΑΙΓΑΙΟΥ,ΠΡΩΤ. ΔΗΜΟΥ
81131,ΜΥΤΙΛΗΝΗ,ΜΥΤΙΛΗΝΗΣ,ΛΕΣΒΟΥ,ΒΟΡΕΙΟΥ ΑΙΓΑΙΟΥ,ΠΡΩΤ. ΠΕΡΙΦΕΡΕΙΑΣ
81132,ΜΥΤΙΛΗΝΗ,ΜΥΤΙΛΗΝΗΣ,ΛΕΣΒΟΥ,ΒΟΡΕΙΟΥ ΑΙΓΑΙΟΥ,ΠΡΩΤ. ΠΕΡΙΦΕΡΕΙΑΣ
81150,ΠΑΜΦΙΛΑ,ΜΥΤΙΛΗΝΗΣ,ΛΕΣΒΟΥ,ΒΟΡΕΙΟΥ ΑΙΓΑΙΟΥ,ΠΡΩΤ. ΔΗΜ. ΔΙΑΜΕΡ.
81150,ΠΑΜΦΙΛΑ,ΜΥΤΙΛΗΝΗΣ,ΛΕΣΒΟΥ,ΒΟΡΕΙΟΥ ΑΙΓΑΙΟΥ,ΠΡΩΤ. ΔΗΜ. ΔΙΑΜΕΡ.
81200,ΠΛΩΜΑΡΙ,ΠΛΩΜΑΡΙΟΥ,ΛΕΣΒΟΥ,ΒΟΡΕΙΟΥ ΑΙΓΑΙΟΥ,ΠΡΩΤ. ΔΗΜΟΥ
81300,ΠΟΛΙΧΝΙΤΟΣ,ΠΟΛΙΧΝΙΤΟΥ,ΛΕΣΒΟΥ,ΒΟΡΕΙΟΥ ΑΙΓΑΙΟΥ,ΠΡΩΤ. ΔΗΜΟΥ
81400,ΜΥΡΙΝΑ,ΜΥΡΙΝΑΣ,ΛΕΣΒΟΥ,ΒΟΡΕΙΟΥ ΑΙΓΑΙΟΥ,ΠΡΩΤ. ΔΗΜΟΥ
81400,ΜΥΡΙΝΑ,ΜΥΡΙΝΑΣ,ΛΕΣΒΟΥ,ΒΟΡΕΙΟΥ ΑΙΓΑΙΟΥ,ΠΡΩΤ. ΔΗΜΟΥ
81400,ΜΥΡΙΝΑ,ΜΥΡΙΝΑΣ,ΛΕΣΒΟΥ,ΒΟΡΕΙΟΥ ΑΙΓΑΙΟΥ,ΠΡΩΤ. ΔΗΜΟΥ
81400,ΜΥΡΙΝΑ,ΜΥΡΙΝΑΣ,ΛΕΣΒΟΥ,ΒΟΡΕΙΟΥ ΑΙΓΑΙΟΥ,ΠΡΩΤ. ΔΗΜΟΥ
81400,ΜΥΡΙΝΑ,ΜΥΡΙΝΑΣ,ΛΕΣΒΟΥ,ΒΟΡΕΙΟΥ ΑΙΓΑΙΟΥ,ΠΡΩΤ. ΔΗΜΟΥ
81401,ΜΟΥΔΡΟΣ,ΜΟΥΔΡΟΥ,ΛΕΣΒΟΥ,ΒΟΡΕΙΟΥ ΑΙΓΑΙΟΥ,ΠΡΩΤ. ΔΗΜΟΥ
81500,ΑΓΙΟΣ ΕΥΣΤΡΑΤΙΟΣ,ΑΓΙΟΥ ΕΥΣΤΡΑΤΙΟΥ,ΛΕΣΒΟΥ,ΒΟΡΕΙΟΥ ΑΙΓΑΙΟΥ,ΠΡΩΤ. ΚΟΙΝΟΤΗΤΑΣ
81500,ΑΓΙΟΣ ΕΥΣΤΡΑΤΙΟΣ,ΑΓΙΟΥ ΕΥΣΤΡΑΤΙΟΥ,ΛΕΣΒΟΥ,ΒΟΡΕΙΟΥ ΑΙΓΑΙΟΥ,ΠΡΩΤ. ΚΟΙΝΟΤΗΤΑΣ
81500,ΑΓΙΟΣ ΕΥΣΤΡΑΤΙΟΣ,ΑΓΙΟΥ ΕΥΣΤΡΑΤΙΟΥ,ΛΕΣΒΟΥ,ΒΟΡΕΙΟΥ ΑΙΓΑΙΟΥ,ΠΡΩΤ. ΚΟΙΝΟΤΗΤΑΣ
82101,ΟΙΝΟΥΣΣΕΣ,ΟΙΝΟΥΣΣΩΝ,ΧΙΟΥ,ΒΟΡΕΙΟΥ ΑΙΓΑΙΟΥ,ΠΡΩΤ. ΔΗΜΟΥ
82101,ΟΙΝΟΥΣΣΕΣ,ΟΙΝΟΥΣΣΩΝ,ΧΙΟΥ,ΒΟΡΕΙΟΥ ΑΙΓΑΙΟΥ,ΠΡΩΤ. ΔΗΜΟΥ
82101,ΟΙΝΟΥΣΣΕΣ,ΟΙΝΟΥΣΣΩΝ,ΧΙΟΥ,ΒΟΡΕΙΟΥ ΑΙΓΑΙΟΥ,ΠΡΩΤ. ΔΗΜΟΥ
82101,ΟΙΝΟΥΣΣΕΣ,ΟΙΝΟΥΣΣΩΝ,ΧΙΟΥ,ΒΟΡΕΙΟΥ ΑΙΓΑΙΟΥ,ΠΡΩΤ. ΔΗΜΟΥ
82101,ΟΙΝΟΥΣΣΕΣ,ΟΙΝΟΥΣΣΩΝ,ΧΙΟΥ,ΒΟΡΕΙΟΥ ΑΙΓΑΙΟΥ,ΠΡΩΤ. ΔΗΜΟΥ
82101,ΟΙΝΟΥΣΣΕΣ,ΟΙΝΟΥΣΣΩΝ,ΧΙΟΥ,ΒΟΡΕΙΟΥ ΑΙΓΑΙΟΥ,ΠΡΩΤ. ΔΗΜΟΥ
82101,ΟΙΝΟΥΣΣΕΣ,ΟΙΝΟΥΣΣΩΝ,ΧΙΟΥ,ΒΟΡΕΙΟΥ ΑΙΓΑΙΟΥ,ΠΡΩΤ. ΔΗΜΟΥ
82101,ΟΙΝΟΥΣΣΕΣ,ΟΙΝΟΥΣΣΩΝ,ΧΙΟΥ,ΒΟΡΕΙΟΥ ΑΙΓΑΙΟΥ,ΠΡΩΤ. ΔΗΜΟΥ
82101,ΟΙΝΟΥΣΣΕΣ,ΟΙΝΟΥΣΣΩΝ,ΧΙΟΥ,ΒΟΡΕΙΟΥ ΑΙΓΑΙΟΥ,ΠΡΩΤ. ΔΗΜΟΥ
82101,ΟΙΝΟΥΣΣΕΣ,ΟΙΝΟΥΣΣΩΝ,ΧΙΟΥ,ΒΟΡΕΙΟΥ ΑΙΓΑΙΟΥ,ΠΡΩΤ. ΔΗΜΟΥ
82102,ΠΥΡΓΙ,ΜΑΣΤΙΧΟΧΩΡΙΩΝ,ΧΙΟΥ,ΒΟΡΕΙΟΥ ΑΙΓΑΙΟΥ,ΠΡΩΤ. ΔΗΜΟΥ
82102,ΠΥΡΓΙ,ΜΑΣΤΙΧΟΧΩΡΙΩΝ,ΧΙΟΥ,ΒΟΡΕΙΟΥ ΑΙΓΑΙΟΥ,ΠΡΩΤ. ΔΗΜΟΥ
82102,ΠΥΡΓΙ,ΜΑΣΤΙΧΟΧΩΡΙΩΝ,ΧΙΟΥ,ΒΟΡΕΙΟΥ ΑΙΓΑΙΟΥ,ΠΡΩΤ. ΔΗΜΟΥ
82102,ΠΥΡΓΙ,ΜΑΣΤΙΧΟΧΩΡΙΩΝ,ΧΙΟΥ,ΒΟΡΕΙΟΥ ΑΙΓΑΙΟΥ,ΠΡΩΤ. ΔΗΜΟΥ
82102,ΠΥΡΓΙ,ΜΑΣΤΙΧΟΧΩΡΙΩΝ,ΧΙΟΥ,ΒΟΡΕΙΟΥ ΑΙΓΑΙΟΥ,ΠΡΩΤ. ΔΗΜΟΥ
82102,ΠΥΡΓΙ,ΜΑΣΤΙΧΟΧΩΡΙΩΝ,ΧΙΟΥ,ΒΟΡΕΙΟΥ ΑΙΓΑΙΟΥ,ΠΡΩΤ. ΔΗΜΟΥ
82103,ΒΟΛΙΣΣΟΣ,ΑΜΑΝΗΣ,ΧΙΟΥ,ΒΟΡΕΙΟΥ ΑΙΓΑΙΟΥ,ΠΡΩΤ. ΔΗΜΟΥ
82104,ΨΑΡΑ,ΨΑΡΩΝ,ΧΙΟΥ,ΒΟΡΕΙΟΥ ΑΙΓΑΙΟΥ,ΠΡΩΤ. ΔΗΜΟΥ
82104,ΨΑΡΑ,ΨΑΡΩΝ,ΧΙΟΥ,ΒΟΡΕΙΟΥ ΑΙΓΑΙΟΥ,ΠΡΩΤ. ΔΗΜΟΥ
82104,ΨΑΡΑ,ΨΑΡΩΝ,ΧΙΟΥ,ΒΟΡΕΙΟΥ ΑΙΓΑΙΟΥ,ΠΡΩΤ. ΔΗΜΟΥ
82104,ΨΑΡΑ,ΨΑΡΩΝ,ΧΙΟΥ,ΒΟΡΕΙΟΥ ΑΙΓΑΙΟΥ,ΠΡΩΤ. ΔΗΜΟΥ
82104,ΨΑΡΑ,ΨΑΡΩΝ,ΧΙΟΥ,ΒΟΡΕΙΟΥ ΑΙΓΑΙΟΥ,ΠΡΩΤ. ΔΗΜΟΥ
82131,ΧΙΟΣ,ΧΙΟΥ,ΧΙΟΥ,ΒΟΡΕΙΟΥ ΑΙΓΑΙΟΥ,ΠΡΩΤ. ΝΟΜΟΥ
82132,ΧΙΟΣ,ΧΙΟΥ,ΧΙΟΥ,ΒΟΡΕΙΟΥ ΑΙΓΑΙΟΥ,ΠΡΩΤ. ΝΟΜΟΥ
82150,ΒΡΟΝΤΑΔΟΣ,ΟΜΗΡΟΥΠΟΛΗΣ,ΧΙΟΥ,ΒΟΡΕΙΟΥ ΑΙΓΑΙΟΥ,ΠΡΩΤ. ΔΗΜΟΥ
82300,ΚΑΡΔΑΜΥΛΑ,ΚΑΡΔΑΜΥΛΩΝ,ΧΙΟΥ,ΒΟΡΕΙΟΥ ΑΙΓΑΙΟΥ,ΠΡΩΤ. ΔΗΜΟΥ
82300,ΚΑΡΔΑΜΥΛΑ,ΚΑΡΔΑΜΥΛΩΝ,ΧΙΟΥ,ΒΟΡΕΙΟΥ ΑΙΓΑΙΟΥ,ΠΡΩΤ. ΔΗΜΟΥ
82300,ΚΑΡΔΑΜΥΛΑ,ΚΑΡΔΑΜΥΛΩΝ,ΧΙΟΥ,ΒΟΡΕΙΟΥ ΑΙΓΑΙΟΥ,ΠΡΩΤ. ΔΗΜΟΥ
82300,ΚΑΡΔΑΜΥΛΑ,ΚΑΡΔΑΜΥΛΩΝ,ΧΙΟΥ,ΒΟΡΕΙΟΥ ΑΙΓΑΙΟΥ,ΠΡΩΤ. ΔΗΜΟΥ
82300,ΚΑΡΔΑΜΥΛΑ,ΚΑΡΔΑΜΥΛΩΝ,ΧΙΟΥ,ΒΟΡΕΙΟΥ ΑΙΓΑΙΟΥ,ΠΡΩΤ. ΔΗΜΟΥ
82300,ΚΑΡΔΑΜΥΛΑ,ΚΑΡΔΑΜΥΛΩΝ,ΧΙΟΥ,ΒΟΡΕΙΟΥ ΑΙΓΑΙΟΥ,ΠΡΩΤ. ΔΗΜΟΥ
82300,ΚΑΡΔΑΜΥΛΑ,ΚΑΡΔΑΜΥΛΩΝ,ΧΙΟΥ,ΒΟΡΕΙΟΥ ΑΙΓΑΙΟΥ,ΠΡΩΤ. ΔΗΜΟΥ
83100,ΣΑΜΟΣ,ΒΑΘΕΟΣ,ΣΑΜΟΥ,ΒΟΡΕΙΟΥ ΑΙΓΑΙΟΥ,ΠΡΩΤ. ΝΟΜΟΥ
83100,ΣΑΜΟΣ,ΒΑΘΕΟΣ,ΣΑΜΟΥ,ΒΟΡΕΙΟΥ ΑΙΓΑΙΟΥ,ΠΡΩΤ. ΝΟΜΟΥ
83100,ΣΑΜΟΣ,ΒΑΘΕΟΣ,ΣΑΜΟΥ,ΒΟΡΕΙΟΥ ΑΙΓΑΙΟΥ,ΠΡΩΤ. ΝΟΜΟΥ
83100,ΣΑΜΟΣ,ΒΑΘΕΟΣ,ΣΑΜΟΥ,ΒΟΡΕΙΟΥ ΑΙΓΑΙΟΥ,ΠΡΩΤ. ΝΟΜΟΥ
83100,ΣΑΜΟΣ,ΒΑΘΕΟΣ,ΣΑΜΟΥ,ΒΟΡΕΙΟΥ ΑΙΓΑΙΟΥ,ΠΡΩΤ. ΝΟΜΟΥ
83100,ΣΑΜΟΣ,ΒΑΘΕΟΣ,ΣΑΜΟΥ,ΒΟΡΕΙΟΥ ΑΙΓΑΙΟΥ,ΠΡΩΤ. ΝΟΜΟΥ
83100,ΣΑΜΟΣ,ΒΑΘΕΟΣ,ΣΑΜΟΥ,ΒΟΡΕΙΟΥ ΑΙΓΑΙΟΥ,ΠΡΩΤ. ΝΟΜΟΥ
83103,ΠΥΘΑΓΟΡΕΙΟ,ΠΥΘΑΓΟΡΕΙΟΥ,ΣΑΜΟΥ,ΒΟΡΕΙΟΥ ΑΙΓΑΙΟΥ,ΠΡΩΤ. ΔΗΜΟΥ
83103,ΠΥΘΑΓΟΡΕΙΟ,ΠΥΘΑΓΟΡΕΙΟΥ,ΣΑΜΟΥ,ΒΟΡΕΙΟΥ ΑΙΓΑΙΟΥ,ΠΡΩΤ. ΔΗΜΟΥ
83200,ΝΕΟ ΚΑΡΛΟΒΑΣΙ,ΚΑΡΛΟΒΑΣΙΩΝ,ΣΑΜΟΥ,ΒΟΡΕΙΟΥ ΑΙΓΑΙΟΥ,ΠΡΩΤ. ΔΗΜΟΥ
83300,ΑΓΙΟΣ ΚΗΡΥΚΟΣ,ΑΓΙΟΥ ΚΗΡΥΚΟΥ,ΣΑΜΟΥ,ΒΟΡΕΙΟΥ ΑΙΓΑΙΟΥ,ΠΡΩΤ. ΔΗΜΟΥ
83301,ΧΡΙΣΤΟΣ,ΡΑΧΩΝ,ΣΑΜΟΥ,ΒΟΡΕΙΟΥ ΑΙΓΑΙΟΥ,ΠΡΩΤ. ΔΗΜΟΥ
83302,ΕΥΔΗΛΟΣ,ΕΥΔΗΛΟΥ,ΣΑΜΟΥ,ΒΟΡΕΙΟΥ ΑΙΓΑΙΟΥ,ΠΡΩΤ. ΔΗΜΟΥ
83400,ΦΟΥΡΝΟΙ,ΦΟΥΡΝΩΝ ΚΟΡΣΕΩΝ,ΣΑΜΟΥ,ΒΟΡΕΙΟΥ ΑΙΓΑΙΟΥ,ΠΡΩΤ. ΔΗΜΟΥ
83400,ΦΟΥΡΝΟΙ,ΦΟΥΡΝΩΝ ΚΟΡΣΕΩΝ,ΣΑΜΟΥ,ΒΟΡΕΙΟΥ ΑΙΓΑΙΟΥ,ΠΡΩΤ. ΔΗΜΟΥ
83400,ΦΟΥΡΝΟΙ,ΦΟΥΡΝΩΝ ΚΟΡΣΕΩΝ,ΣΑΜΟΥ,ΒΟΡΕΙΟΥ ΑΙΓΑΙΟΥ,ΠΡΩΤ. ΔΗΜΟΥ
83400,ΦΟΥΡΝΟΙ,ΦΟΥΡΝΩΝ ΚΟΡΣΕΩΝ,ΣΑΜΟΥ,ΒΟΡΕΙΟΥ ΑΙΓΑΙΟΥ,ΠΡΩΤ. ΔΗΜΟΥ
83400,ΦΟΥΡΝΟΙ,ΦΟΥΡΝΩΝ ΚΟΡΣΕΩΝ,ΣΑΜΟΥ,ΒΟΡΕΙΟΥ ΑΙΓΑΙΟΥ,ΠΡΩΤ. ΔΗΜΟΥ
83400,ΦΟΥΡΝΟΙ,ΦΟΥΡΝΩΝ ΚΟΡΣΕΩΝ,ΣΑΜΟΥ,ΒΟΡΕΙΟΥ ΑΙΓΑΙΟΥ,ΠΡΩΤ. ΔΗΜΟΥ
83400,ΦΟΥΡΝΟΙ,ΦΟΥΡΝΩΝ ΚΟΡΣΕΩΝ,ΣΑΜΟΥ,ΒΟΡΕΙΟΥ ΑΙΓΑΙΟΥ,ΠΡΩΤ. ΔΗΜΟΥ
83400,ΦΟΥΡΝΟΙ,ΦΟΥΡΝΩΝ ΚΟΡΣΕΩΝ,ΣΑΜΟΥ,ΒΟΡΕΙΟΥ ΑΙΓΑΙΟΥ,ΠΡΩΤ. ΔΗΜΟΥ
83400,ΦΟΥΡΝΟΙ,ΦΟΥΡΝΩΝ ΚΟΡΣΕΩΝ,ΣΑΜΟΥ,ΒΟΡΕΙΟΥ ΑΙΓΑΙΟΥ,ΠΡΩΤ. ΔΗΜΟΥ
83400,ΦΟΥΡΝΟΙ,ΦΟΥΡΝΩΝ ΚΟΡΣΕΩΝ,ΣΑΜΟΥ,ΒΟΡΕΙΟΥ ΑΙΓΑΙΟΥ,ΠΡΩΤ. ΔΗΜΟΥ
83400,ΦΟΥΡΝΟΙ,ΦΟΥΡΝΩΝ ΚΟΡΣΕΩΝ,ΣΑΜΟΥ,ΒΟΡΕΙΟΥ ΑΙΓΑΙΟΥ,ΠΡΩΤ. ΔΗΜΟΥ
83400,ΦΟΥΡΝΟΙ,ΦΟΥΡΝΩΝ ΚΟΡΣΕΩΝ,ΣΑΜΟΥ,ΒΟΡΕΙΟΥ ΑΙΓΑΙΟΥ,ΠΡΩΤ. ΔΗΜΟΥ
84001,ΙΟΣ,ΙΗΤΩΝ,ΚΥΚΛΑΔΩΝ,ΝΟΤΙΟΥ ΑΙΓΑΙΟΥ,ΠΡΩΤ. ΔΗΜΟΥ
84001,ΙΟΣ,ΙΗΤΩΝ,ΚΥΚΛΑΔΩΝ,ΝΟΤΙΟΥ ΑΙΓΑΙΟΥ,ΠΡΩΤ. ΔΗΜΟΥ
84002,ΙΟΥΛΙΔΑ,ΚΕΑΣ (ΙΟΥΛΙΔΟΣ),ΚΥΚΛΑΔΩΝ,ΝΟΤΙΟΥ ΑΙΓΑΙΟΥ,ΠΡΩΤ. ΔΗΜΟΥ
84002,ΙΟΥΛΙΔΑ,ΚΕΑΣ (ΙΟΥΛΙΔΟΣ),ΚΥΚΛΑΔΩΝ,ΝΟΤΙΟΥ ΑΙΓΑΙΟΥ,ΠΡΩΤ. ΔΗΜΟΥ
84003,ΑΠΟΛΛΩΝΙΑ,ΣΙΦΝΟΥ,ΚΥΚΛΑΔΩΝ,ΝΟΤΙΟΥ ΑΙΓΑΙΟΥ,ΠΡΩΤ. ΔΗΜΟΥ
84003,ΑΠΟΛΛΩΝΙΑ,ΣΙΦΝΟΥ,ΚΥΚΛΑΔΩΝ,ΝΟΤΙΟΥ ΑΙΓΑΙΟΥ,ΠΡΩΤ. ΔΗΜΟΥ
84004,ΚΙΜΩΛΟΣ,ΚΙΜΩΛΟΥ,ΚΥΚΛΑΔΩΝ,ΝΟΤΙΟΥ ΑΙΓΑΙΟΥ,ΠΡΩΤ. ΚΟΙΝΟΤΗΤΑΣ
84004,ΚΙΜΩΛΟΣ,ΚΙΜΩΛΟΥ,ΚΥΚΛΑΔΩΝ,ΝΟΤΙΟΥ ΑΙΓΑΙΟΥ,ΠΡΩΤ. ΚΟΙΝΟΤΗΤΑΣ
84004,ΚΙΜΩΛΟΣ,ΚΙΜΩΛΟΥ,ΚΥΚΛΑΔΩΝ,ΝΟΤΙΟΥ ΑΙΓΑΙΟΥ,ΠΡΩΤ. ΚΟΙΝΟΤΗΤΑΣ
84004,ΚΙΜΩΛΟΣ,ΚΙΜΩΛΟΥ,ΚΥΚΛΑΔΩΝ,ΝΟΤΙΟΥ ΑΙΓΑΙΟΥ,ΠΡΩΤ. ΚΟΙΝΟΤΗΤΑΣ
84004,ΚΙΜΩΛΟΣ,ΚΙΜΩΛΟΥ,ΚΥΚΛΑΔΩΝ,ΝΟΤΙΟΥ ΑΙΓΑΙΟΥ,ΠΡΩΤ. ΚΟΙΝΟΤΗΤΑΣ
84005,ΣΕΡΙΦΟΣ,ΣΕΡΙΦΟΥ,ΚΥΚΛΑΔΩΝ,ΝΟΤΙΟΥ ΑΙΓΑΙΟΥ,ΠΡΩΤ. ΔΗΜΟΥ
84005,ΣΕΡΙΦΟΣ,ΣΕΡΙΦΟΥ,ΚΥΚΛΑΔΩΝ,ΝΟΤΙΟΥ ΑΙΓΑΙΟΥ,ΠΡΩΤ. ΔΗΜΟΥ
84005,ΣΕΡΙΦΟΣ,ΣΕΡΙΦΟΥ,ΚΥΚΛΑΔΩΝ,ΝΟΤΙΟΥ ΑΙΓΑΙΟΥ,ΠΡΩΤ. ΔΗΜΟΥ
84005,ΣΕΡΙΦΟΣ,ΣΕΡΙΦΟΥ,ΚΥΚΛΑΔΩΝ,ΝΟΤΙΟΥ ΑΙΓΑΙΟΥ,ΠΡΩΤ. ΔΗΜΟΥ
84006,ΚΥΘΝΟΣ,ΚΥΘΝΟΥ,ΚΥΚΛΑΔΩΝ,ΝΟΤΙΟΥ ΑΙΓΑΙΟΥ,ΠΡΩΤ. ΔΗΜΟΥ
84006,ΚΥΘΝΟΣ,ΚΥΘΝΟΥ,ΚΥΚΛΑΔΩΝ,ΝΟΤΙΟΥ ΑΙΓΑΙΟΥ,ΠΡΩΤ. ΔΗΜΟΥ
84007,ΑΝΤΙΠΑΡΟΣ,ΑΝΤΙΠΑΡΟΥ,ΚΥΚΛΑΔΩΝ,ΝΟΤΙΟΥ ΑΙΓΑΙΟΥ,ΠΡΩΤ. ΚΟΙΝΟΤΗΤΑΣ
84007,ΑΝΤΙΠΑΡΟΣ,ΑΝΤΙΠΑΡΟΥ,ΚΥΚΛΑΔΩΝ,ΝΟΤΙΟΥ ΑΙΓΑΙΟΥ,ΠΡΩΤ. ΚΟΙΝΟΤΗΤΑΣ
84007,ΑΝΤΙΠΑΡΟΣ,ΑΝΤΙΠΑΡΟΥ,ΚΥΚΛΑΔΩΝ,ΝΟΤΙΟΥ ΑΙΓΑΙΟΥ,ΠΡΩΤ. ΚΟΙΝΟΤΗΤΑΣ
84007,ΑΝΤΙΠΑΡΟΣ,ΑΝΤΙΠΑΡΟΥ,ΚΥΚΛΑΔΩΝ,ΝΟΤΙΟΥ ΑΙΓΑΙΟΥ,ΠΡΩΤ. ΚΟΙΝΟΤΗΤΑΣ
84007,ΑΝΤΙΠΑΡΟΣ,ΑΝΤΙΠΑΡΟΥ,ΚΥΚΛΑΔΩΝ,ΝΟΤΙΟΥ ΑΙΓΑΙΟΥ,ΠΡΩΤ. ΚΟΙΝΟΤΗΤΑΣ
84007,ΑΝΤΙΠΑΡΟΣ,ΑΝΤΙΠΑΡΟΥ,ΚΥΚΛΑΔΩΝ,ΝΟΤΙΟΥ ΑΙΓΑΙΟΥ,ΠΡΩΤ. ΚΟΙΝΟΤΗΤΑΣ
84007,ΑΝΤΙΠΑΡΟΣ,ΑΝΤΙΠΑΡΟΥ,ΚΥΚΛΑΔΩΝ,ΝΟΤΙΟΥ ΑΙΓΑΙΟΥ,ΠΡΩΤ. ΚΟΙΝΟΤΗΤΑΣ
84007,ΑΝΤΙΠΑΡΟΣ,ΑΝΤΙΠΑΡΟΥ,ΚΥΚΛΑΔΩΝ,ΝΟΤΙΟΥ ΑΙΓΑΙΟΥ,ΠΡΩΤ. ΚΟΙΝΟΤΗΤΑΣ
84008,ΑΜΟΡΓΟΣ,ΑΜΟΡΓΟΥ,ΚΥΚΛΑΔΩΝ,ΝΟΤΙΟΥ ΑΙΓΑΙΟΥ,ΠΡΩΤ. ΔΗΜΟΥ
84008,ΑΜΟΡΓΟΣ,ΑΜΟΡΓΟΥ,ΚΥΚΛΑΔΩΝ,ΝΟΤΙΟΥ ΑΙΓΑΙΟΥ,ΠΡΩΤ. ΔΗΜΟΥ
84008,ΑΜΟΡΓΟΣ,ΑΜΟΡΓΟΥ,ΚΥΚΛΑΔΩΝ,ΝΟΤΙΟΥ ΑΙΓΑΙΟΥ,ΠΡΩΤ. ΔΗΜΟΥ
84008,ΑΜΟΡΓΟΣ,ΑΜΟΡΓΟΥ,ΚΥΚΛΑΔΩΝ,ΝΟΤΙΟΥ ΑΙΓΑΙΟΥ,ΠΡΩΤ. ΔΗΜΟΥ
84008,ΑΜΟΡΓΟΣ,ΑΜΟΡΓΟΥ,ΚΥΚΛΑΔΩΝ,ΝΟΤΙΟΥ ΑΙΓΑΙΟΥ,ΠΡΩΤ. ΔΗΜΟΥ
84008,ΑΜΟΡΓΟΣ,ΑΜΟΡΓΟΥ,ΚΥΚΛΑΔΩΝ,ΝΟΤΙΟΥ ΑΙΓΑΙΟΥ,ΠΡΩΤ. ΔΗΜΟΥ
84008,ΑΜΟΡΓΟΣ,ΑΜΟΡΓΟΥ,ΚΥΚΛΑΔΩΝ,ΝΟΤΙΟΥ ΑΙΓΑΙΟΥ,ΠΡΩΤ. ΔΗΜΟΥ
84008,ΑΜΟΡΓΟΣ,ΑΜΟΡΓΟΥ,ΚΥΚΛΑΔΩΝ,ΝΟΤΙΟΥ ΑΙΓΑΙΟΥ,ΠΡΩΤ. ΔΗΜΟΥ
84008,ΑΜΟΡΓΟΣ,ΑΜΟΡΓΟΥ,ΚΥΚΛΑΔΩΝ,ΝΟΤΙΟΥ ΑΙΓΑΙΟΥ,ΠΡΩΤ. ΔΗΜΟΥ
84008,ΑΜΟΡΓΟΣ,ΑΜΟΡΓΟΥ,ΚΥΚΛΑΔΩΝ,ΝΟΤΙΟΥ ΑΙΓΑΙΟΥ,ΠΡΩΤ. ΔΗΜΟΥ
84008,ΑΜΟΡΓΟΣ,ΑΜΟΡΓΟΥ,ΚΥΚΛΑΔΩΝ,ΝΟΤΙΟΥ ΑΙΓΑΙΟΥ,ΠΡΩΤ. ΔΗΜΟΥ
84009,ΑΝΑΦΗ,ΑΝΑΦΗΣ,ΚΥΚΛΑΔΩΝ,ΝΟΤΙΟΥ ΑΙΓΑΙΟΥ,ΠΡΩΤ. ΚΟΙΝΟΤΗΤΑΣ
84009,ΑΝΑΦΗ,ΑΝΑΦΗΣ,ΚΥΚΛΑΔΩΝ,ΝΟΤΙΟΥ ΑΙΓΑΙΟΥ,ΠΡΩΤ. ΚΟΙΝΟΤΗΤΑΣ
84009,ΑΝΑΦΗ,ΑΝΑΦΗΣ,ΚΥΚΛΑΔΩΝ,ΝΟΤΙΟΥ ΑΙΓΑΙΟΥ,ΠΡΩΤ. ΚΟΙΝΟΤΗΤΑΣ
84009,ΑΝΑΦΗ,ΑΝΑΦΗΣ,ΚΥΚΛΑΔΩΝ,ΝΟΤΙΟΥ ΑΙΓΑΙΟΥ,ΠΡΩΤ. ΚΟΙΝΟΤΗΤΑΣ
84010,ΣΙΚΙΝΟΣ,ΣΙΚΙΝΟΥ,ΚΥΚΛΑΔΩΝ,ΝΟΤΙΟΥ ΑΙΓΑΙΟΥ,ΠΡΩΤ. ΚΟΙΝΟΤΗΤΑΣ
84010,ΣΙΚΙΝΟΣ,ΣΙΚΙΝΟΥ,ΚΥΚΛΑΔΩΝ,ΝΟΤΙΟΥ ΑΙΓΑΙΟΥ,ΠΡΩΤ. ΚΟΙΝΟΤΗΤΑΣ
84010,ΣΙΚΙΝΟΣ,ΣΙΚΙΝΟΥ,ΚΥΚΛΑΔΩΝ,ΝΟΤΙΟΥ ΑΙΓΑΙΟΥ,ΠΡΩΤ. ΚΟΙΝΟΤΗΤΑΣ
84010,ΣΙΚΙΝΟΣ,ΣΙΚΙΝΟΥ,ΚΥΚΛΑΔΩΝ,ΝΟΤΙΟΥ ΑΙΓΑΙΟΥ,ΠΡΩΤ. ΚΟΙΝΟΤΗΤΑΣ
84010,ΣΙΚΙΝΟΣ,ΣΙΚΙΝΟΥ,ΚΥΚΛΑΔΩΝ,ΝΟΤΙΟΥ ΑΙΓΑΙΟΥ,ΠΡΩΤ. ΚΟΙΝΟΤΗΤΑΣ
84011,ΦΟΛΕΓΑΝΔΡΟΣ,ΦΟΛΕΓΑΝΔΡΟΥ,ΚΥΚΛΑΔΩΝ,ΝΟΤΙΟΥ ΑΙΓΑΙΟΥ,ΠΡΩΤ. ΚΟΙΝΟΤΗΤΑΣ
84011,ΦΟΛΕΓΑΝΔΡΟΣ,ΦΟΛΕΓΑΝΔΡΟΥ,ΚΥΚΛΑΔΩΝ,ΝΟΤΙΟΥ ΑΙΓΑΙΟΥ,ΠΡΩΤ. ΚΟΙΝΟΤΗΤΑΣ
84011,ΦΟΛΕΓΑΝΔΡΟΣ,ΦΟΛΕΓΑΝΔΡΟΥ,ΚΥΚΛΑΔΩΝ,ΝΟΤΙΟΥ ΑΙΓΑΙΟΥ,ΠΡΩΤ. ΚΟΙΝΟΤΗΤΑΣ
84100,ΕΡΜΟΥΠΟΛΗ,ΕΡΜΟΥΠΟΛΗΣ,ΚΥΚΛΑΔΩΝ,ΝΟΤΙΟΥ ΑΙΓΑΙΟΥ,ΠΡΩΤ. ΠΕΡΙΦΕΡΕΙΑΣ
84100,ΕΡΜΟΥΠΟΛΗ,ΕΡΜΟΥΠΟΛΗΣ,ΚΥΚΛΑΔΩΝ,ΝΟΤΙΟΥ ΑΙΓΑΙΟΥ,ΠΡΩΤ. ΠΕΡΙΦΕΡΕΙΑΣ
84100,ΕΡΜΟΥΠΟΛΗ,ΕΡΜΟΥΠΟΛΗΣ,ΚΥΚΛΑΔΩΝ,ΝΟΤΙΟΥ ΑΙΓΑΙΟΥ,ΠΡΩΤ. ΠΕΡΙΦΕΡΕΙΑΣ
84100,ΕΡΜΟΥΠΟΛΗ,ΕΡΜΟΥΠΟΛΗΣ,ΚΥΚΛΑΔΩΝ,ΝΟΤΙΟΥ ΑΙΓΑΙΟΥ,ΠΡΩΤ. ΠΕΡΙΦΕΡΕΙΑΣ
84100,ΕΡΜΟΥΠΟΛΗ,ΕΡΜΟΥΠΟΛΗΣ,ΚΥΚΛΑΔΩΝ,ΝΟΤΙΟΥ ΑΙΓΑΙΟΥ,ΠΡΩΤ. ΠΕΡΙΦΕΡΕΙΑΣ
84100,ΕΡΜΟΥΠΟΛΗ,ΕΡΜΟΥΠΟΛΗΣ,ΚΥΚΛΑΔΩΝ,ΝΟΤΙΟΥ ΑΙΓΑΙΟΥ,ΠΡΩΤ. ΠΕΡΙΦΕΡΕΙΑΣ
84100,ΕΡΜΟΥΠΟΛΗ,ΕΡΜΟΥΠΟΛΗΣ,ΚΥΚΛΑΔΩΝ,ΝΟΤΙΟΥ ΑΙΓΑΙΟΥ,ΠΡΩΤ. ΠΕΡΙΦΕΡΕΙΑΣ
84100,ΕΡΜΟΥΠΟΛΗ,ΕΡΜΟΥΠΟΛΗΣ,ΚΥΚΛΑΔΩΝ,ΝΟΤΙΟΥ ΑΙΓΑΙΟΥ,ΠΡΩΤ. ΠΕΡΙΦΕΡΕΙΑΣ
84100,ΕΡΜΟΥΠΟΛΗ,ΕΡΜΟΥΠΟΛΗΣ,ΚΥΚΛΑΔΩΝ,ΝΟΤΙΟΥ ΑΙΓΑΙΟΥ,ΠΡΩΤ. ΠΕΡΙΦΕΡΕΙΑΣ
84200,ΤΗΝΟΣ,ΕΞΩΜΒΟΥΡΓΟΥ,ΚΥΚΛΑΔΩΝ,ΝΟΤΙΟΥ ΑΙΓΑΙΟΥ,ΠΡΩΤ. ΔΗΜΟΥ
84200,ΤΗΝΟΣ,ΕΞΩΜΒΟΥΡΓΟΥ,ΚΥΚΛΑΔΩΝ,ΝΟΤΙΟΥ ΑΙΓΑΙΟΥ,ΠΡΩΤ. ΔΗΜΟΥ
84200,ΤΗΝΟΣ,ΕΞΩΜΒΟΥΡΓΟΥ,ΚΥΚΛΑΔΩΝ,ΝΟΤΙΟΥ ΑΙΓΑΙΟΥ,ΠΡΩΤ. ΔΗΜΟΥ
84200,ΤΗΝΟΣ,ΕΞΩΜΒΟΥΡΓΟΥ,ΚΥΚΛΑΔΩΝ,ΝΟΤΙΟΥ ΑΙΓΑΙΟΥ,ΠΡΩΤ. ΔΗΜΟΥ
84300,ΝΑΞΟΣ,ΝΑΞΟΥ,ΚΥΚΛΑΔΩΝ,ΝΟΤΙΟΥ ΑΙΓΑΙΟΥ,ΠΡΩΤ. ΔΗΜΟΥ
84300,ΝΑΞΟΣ,ΝΑΞΟΥ,ΚΥΚΛΑΔΩΝ,ΝΟΤΙΟΥ ΑΙΓΑΙΟΥ,ΠΡΩΤ. ΔΗΜΟΥ
84300,ΝΑΞΟΣ,ΝΑΞΟΥ,ΚΥΚΛΑΔΩΝ,ΝΟΤΙΟΥ ΑΙΓΑΙΟΥ,ΠΡΩΤ. ΔΗΜΟΥ
84300,ΝΑΞΟΣ,ΝΑΞΟΥ,ΚΥΚΛΑΔΩΝ,ΝΟΤΙΟΥ ΑΙΓΑΙΟΥ,ΠΡΩΤ. ΔΗΜΟΥ
84300,ΝΑΞΟΣ,ΝΑΞΟΥ,ΚΥΚΛΑΔΩΝ,ΝΟΤΙΟΥ ΑΙΓΑΙΟΥ,ΠΡΩΤ. ΔΗΜΟΥ
84300,ΝΑΞΟΣ,ΝΑΞΟΥ,ΚΥΚΛΑΔΩΝ,ΝΟΤΙΟΥ ΑΙΓΑΙΟΥ,ΠΡΩΤ. ΔΗΜΟΥ
84300,ΝΑΞΟΣ,ΝΑΞΟΥ,ΚΥΚΛΑΔΩΝ,ΝΟΤΙΟΥ ΑΙΓΑΙΟΥ,ΠΡΩΤ. ΔΗΜΟΥ
84300,ΝΑΞΟΣ,ΝΑΞΟΥ,ΚΥΚΛΑΔΩΝ,ΝΟΤΙΟΥ ΑΙΓΑΙΟΥ,ΠΡΩΤ. ΔΗΜΟΥ
84300,ΝΑΞΟΣ,ΝΑΞΟΥ,ΚΥΚΛΑΔΩΝ,ΝΟΤΙΟΥ ΑΙΓΑΙΟΥ,ΠΡΩΤ. ΔΗΜΟΥ
84300,ΝΑΞΟΣ,ΝΑΞΟΥ,ΚΥΚΛΑΔΩΝ,ΝΟΤΙΟΥ ΑΙΓΑΙΟΥ,ΠΡΩΤ. ΔΗΜΟΥ
84300,ΝΑΞΟΣ,ΝΑΞΟΥ,ΚΥΚΛΑΔΩΝ,ΝΟΤΙΟΥ ΑΙΓΑΙΟΥ,ΠΡΩΤ. ΔΗΜΟΥ
84300,ΝΑΞΟΣ,ΝΑΞΟΥ,ΚΥΚΛΑΔΩΝ,ΝΟΤΙΟΥ ΑΙΓΑΙΟΥ,ΠΡΩΤ. ΔΗΜΟΥ
84300,ΝΑΞΟΣ,ΝΑΞΟΥ,ΚΥΚΛΑΔΩΝ,ΝΟΤΙΟΥ ΑΙΓΑΙΟΥ,ΠΡΩΤ. ΔΗΜΟΥ
84300,ΝΑΞΟΣ,ΝΑΞΟΥ,ΚΥΚΛΑΔΩΝ,ΝΟΤΙΟΥ ΑΙΓΑΙΟΥ,ΠΡΩΤ. ΔΗΜΟΥ
84300,ΝΑΞΟΣ,ΝΑΞΟΥ,ΚΥΚΛΑΔΩΝ,ΝΟΤΙΟΥ ΑΙΓΑΙΟΥ,ΠΡΩΤ. ΔΗΜΟΥ
84300,ΝΑΞΟΣ,ΝΑΞΟΥ,ΚΥΚΛΑΔΩΝ,ΝΟΤΙΟΥ ΑΙΓΑΙΟΥ,ΠΡΩΤ. ΔΗΜΟΥ
84300,ΝΑΞΟΣ,ΝΑΞΟΥ,ΚΥΚΛΑΔΩΝ,ΝΟΤΙΟΥ ΑΙΓΑΙΟΥ,ΠΡΩΤ. ΔΗΜΟΥ
84300,ΝΑΞΟΣ,ΝΑΞΟΥ,ΚΥΚΛΑΔΩΝ,ΝΟΤΙΟΥ ΑΙΓΑΙΟΥ,ΠΡΩΤ. ΔΗΜΟΥ
84300,ΝΑΞΟΣ,ΝΑΞΟΥ,ΚΥΚΛΑΔΩΝ,ΝΟΤΙΟΥ ΑΙΓΑΙΟΥ,ΠΡΩΤ. ΔΗΜΟΥ
84300,ΝΑΞΟΣ,ΝΑΞΟΥ,ΚΥΚΛΑΔΩΝ,ΝΟΤΙΟΥ ΑΙΓΑΙΟΥ,ΠΡΩΤ. ΔΗΜΟΥ
84300,ΝΑΞΟΣ,ΝΑΞΟΥ,ΚΥΚΛΑΔΩΝ,ΝΟΤΙΟΥ ΑΙΓΑΙΟΥ,ΠΡΩΤ. ΔΗΜΟΥ
84300,ΝΑΞΟΣ,ΝΑΞΟΥ,ΚΥΚΛΑΔΩΝ,ΝΟΤΙΟΥ ΑΙΓΑΙΟΥ,ΠΡΩΤ. ΔΗΜΟΥ
84300,ΝΑΞΟΣ,ΝΑΞΟΥ,ΚΥΚΛΑΔΩΝ,ΝΟΤΙΟΥ ΑΙΓΑΙΟΥ,ΠΡΩΤ. ΔΗΜΟΥ
84300,ΝΑΞΟΣ,ΝΑΞΟΥ,ΚΥΚΛΑΔΩΝ,ΝΟΤΙΟΥ ΑΙΓΑΙΟΥ,ΠΡΩΤ. ΔΗΜΟΥ
84300,ΝΑΞΟΣ,ΝΑΞΟΥ,ΚΥΚΛΑΔΩΝ,ΝΟΤΙΟΥ ΑΙΓΑΙΟΥ,ΠΡΩΤ. ΔΗΜΟΥ
84302,ΦΙΛΟΤΙ,ΔΡΥΜΑΛΙΑΣ,ΚΥΚΛΑΔΩΝ,ΝΟΤΙΟΥ ΑΙΓΑΙΟΥ,ΠΡΩΤ. ΔΗΜ. ΔΙΑΜΕΡ.
84302,ΦΙΛΟΤΙ,ΔΡΥΜΑΛΙΑΣ,ΚΥΚΛΑΔΩΝ,ΝΟΤΙΟΥ ΑΙΓΑΙΟΥ,ΠΡΩΤ. ΔΗΜ. ΔΙΑΜΕΡ.
84400,ΠΑΡΟΣ,ΠΑΡΟΥ,ΚΥΚΛΑΔΩΝ,ΝΟΤΙΟΥ ΑΙΓΑΙΟΥ,ΠΡΩΤ. ΔΗΜΟΥ
84400,ΠΑΡΟΣ,ΠΑΡΟΥ,ΚΥΚΛΑΔΩΝ,ΝΟΤΙΟΥ ΑΙΓΑΙΟΥ,ΠΡΩΤ. ΔΗΜΟΥ
84400,ΠΑΡΟΣ,ΠΑΡΟΥ,ΚΥΚΛΑΔΩΝ,ΝΟΤΙΟΥ ΑΙΓΑΙΟΥ,ΠΡΩΤ. ΔΗΜΟΥ
84400,ΠΑΡΟΣ,ΠΑΡΟΥ,ΚΥΚΛΑΔΩΝ,ΝΟΤΙΟΥ ΑΙΓΑΙΟΥ,ΠΡΩΤ. ΔΗΜΟΥ
84400,ΠΑΡΟΣ,ΠΑΡΟΥ,ΚΥΚΛΑΔΩΝ,ΝΟΤΙΟΥ ΑΙΓΑΙΟΥ,ΠΡΩΤ. ΔΗΜΟΥ
84400,ΠΑΡΟΣ,ΠΑΡΟΥ,ΚΥΚΛΑΔΩΝ,ΝΟΤΙΟΥ ΑΙΓΑΙΟΥ,ΠΡΩΤ. ΔΗΜΟΥ
84401,ΝΑΟΥΣΑ,ΠΑΡΟΥ,ΚΥΚΛΑΔΩΝ,ΝΟΤΙΟΥ ΑΙΓΑΙΟΥ,ΠΡΩΤ. ΔΗΜ. ΔΙΑΜΕΡ.
84401,ΝΑΟΥΣΑ,ΠΑΡΟΥ,ΚΥΚΛΑΔΩΝ,ΝΟΤΙΟΥ ΑΙΓΑΙΟΥ,ΠΡΩΤ. ΔΗΜ. ΔΙΑΜΕΡ.
84401,ΝΑΟΥΣΑ,ΠΑΡΟΥ,ΚΥΚΛΑΔΩΝ,ΝΟΤΙΟΥ ΑΙΓΑΙΟΥ,ΠΡΩΤ. ΔΗΜ. ΔΙΑΜΕΡ.
84401,ΝΑΟΥΣΑ,ΠΑΡΟΥ,ΚΥΚΛΑΔΩΝ,ΝΟΤΙΟΥ ΑΙΓΑΙΟΥ,ΠΡΩΤ. ΔΗΜ. ΔΙΑΜΕΡ.
84401,ΝΑΟΥΣΑ,ΠΑΡΟΥ,ΚΥΚΛΑΔΩΝ,ΝΟΤΙΟΥ ΑΙΓΑΙΟΥ,ΠΡΩΤ. ΔΗΜ. ΔΙΑΜΕΡ.
84401,ΝΑΟΥΣΑ,ΠΑΡΟΥ,ΚΥΚΛΑΔΩΝ,ΝΟΤΙΟΥ ΑΙΓΑΙΟΥ,ΠΡΩΤ. ΔΗΜ. ΔΙΑΜΕΡ.
84401,ΝΑΟΥΣΑ,ΠΑΡΟΥ,ΚΥΚΛΑΔΩΝ,ΝΟΤΙΟΥ ΑΙΓΑΙΟΥ,ΠΡΩΤ. ΔΗΜ. ΔΙΑΜΕΡ.
84401,ΝΑΟΥΣΑ,ΠΑΡΟΥ,ΚΥΚΛΑΔΩΝ,ΝΟΤΙΟΥ ΑΙΓΑΙΟΥ,ΠΡΩΤ. ΔΗΜ. ΔΙΑΜΕΡ.
84401,ΝΑΟΥΣΑ,ΠΑΡΟΥ,ΚΥΚΛΑΔΩΝ,ΝΟΤΙΟΥ ΑΙΓΑΙΟΥ,ΠΡΩΤ. ΔΗΜ. ΔΙΑΜΕΡ.
84401,ΝΑΟΥΣΑ,ΠΑΡΟΥ,ΚΥΚΛΑΔΩΝ,ΝΟΤΙΟΥ ΑΙΓΑΙΟΥ,ΠΡΩΤ. ΔΗΜ. ΔΙΑΜΕΡ.
84401,ΝΑΟΥΣΑ,ΠΑΡΟΥ,ΚΥΚΛΑΔΩΝ,ΝΟΤΙΟΥ ΑΙΓΑΙΟΥ,ΠΡΩΤ. ΔΗΜ. ΔΙΑΜΕΡ.
84401,ΝΑΟΥΣΑ,ΠΑΡΟΥ,ΚΥΚΛΑΔΩΝ,ΝΟΤΙΟΥ ΑΙΓΑΙΟΥ,ΠΡΩΤ. ΔΗΜ. ΔΙΑΜΕΡ.
84401,ΝΑΟΥΣΑ,ΠΑΡΟΥ,ΚΥΚΛΑΔΩΝ,ΝΟΤΙΟΥ ΑΙΓΑΙΟΥ,ΠΡΩΤ. ΔΗΜ. ΔΙΑΜΕΡ.
84500,ΑΝΔΡΟΣ,ΑΝΔΡΟΥ,ΚΥΚΛΑΔΩΝ,ΝΟΤΙΟΥ ΑΙΓΑΙΟΥ,ΠΡΩΤ. ΔΗΜΟΥ
84501,ΓΑΥΡΙΟ,ΥΔΡΟΥΣΑΣ,ΚΥΚΛΑΔΩΝ,ΝΟΤΙΟΥ ΑΙΓΑΙΟΥ,ΠΡΩΤ. ΔΗΜΟΥ
84501,ΓΑΥΡΙΟ,ΥΔΡΟΥΣΑΣ,ΚΥΚΛΑΔΩΝ,ΝΟΤΙΟΥ ΑΙΓΑΙΟΥ,ΠΡΩΤ. ΔΗΜΟΥ
84501,ΓΑΥΡΙΟ,ΥΔΡΟΥΣΑΣ,ΚΥΚΛΑΔΩΝ,ΝΟΤΙΟΥ ΑΙΓΑΙΟΥ,ΠΡΩΤ. ΔΗΜΟΥ
84501,ΓΑΥΡΙΟ,ΥΔΡΟΥΣΑΣ,ΚΥΚΛΑΔΩΝ,ΝΟΤΙΟΥ ΑΙΓΑΙΟΥ,ΠΡΩΤ. ΔΗΜΟΥ
84501,ΓΑΥΡΙΟ,ΥΔΡΟΥΣΑΣ,ΚΥΚΛΑΔΩΝ,ΝΟΤΙΟΥ ΑΙΓΑΙΟΥ,ΠΡΩΤ. ΔΗΜΟΥ
84501,ΓΑΥΡΙΟ,ΥΔΡΟΥΣΑΣ,ΚΥΚΛΑΔΩΝ,ΝΟΤΙΟΥ ΑΙΓΑΙΟΥ,ΠΡΩΤ. ΔΗΜΟΥ
84501,ΓΑΥΡΙΟ,ΥΔΡΟΥΣΑΣ,ΚΥΚΛΑΔΩΝ,ΝΟΤΙΟΥ ΑΙΓΑΙΟΥ,ΠΡΩΤ. ΔΗΜΟΥ
84600,ΜΥΚΟΝΟΣ,ΜΥΚΟΝΟΥ,ΚΥΚΛΑΔΩΝ,ΝΟΤΙΟΥ ΑΙΓΑΙΟΥ,ΠΡΩΤ. ΔΗΜΟΥ
84600,ΜΥΚΟΝΟΣ,ΜΥΚΟΝΟΥ,ΚΥΚΛΑΔΩΝ,ΝΟΤΙΟΥ ΑΙΓΑΙΟΥ,ΠΡΩΤ. ΔΗΜΟΥ
84600,ΜΥΚΟΝΟΣ,ΜΥΚΟΝΟΥ,ΚΥΚΛΑΔΩΝ,ΝΟΤΙΟΥ ΑΙΓΑΙΟΥ,ΠΡΩΤ. ΔΗΜΟΥ
84600,ΜΥΚΟΝΟΣ,ΜΥΚΟΝΟΥ,ΚΥΚΛΑΔΩΝ,ΝΟΤΙΟΥ ΑΙΓΑΙΟΥ,ΠΡΩΤ. ΔΗΜΟΥ
84600,ΜΥΚΟΝΟΣ,ΜΥΚΟΝΟΥ,ΚΥΚΛΑΔΩΝ,ΝΟΤΙΟΥ ΑΙΓΑΙΟΥ,ΠΡΩΤ. ΔΗΜΟΥ
84600,ΜΥΚΟΝΟΣ,ΜΥΚΟΝΟΥ,ΚΥΚΛΑΔΩΝ,ΝΟΤΙΟΥ ΑΙΓΑΙΟΥ,ΠΡΩΤ. ΔΗΜΟΥ
84600,ΜΥΚΟΝΟΣ,ΜΥΚΟΝΟΥ,ΚΥΚΛΑΔΩΝ,ΝΟΤΙΟΥ ΑΙΓΑΙΟΥ,ΠΡΩΤ. ΔΗΜΟΥ
84600,ΜΥΚΟΝΟΣ,ΜΥΚΟΝΟΥ,ΚΥΚΛΑΔΩΝ,ΝΟΤΙΟΥ ΑΙΓΑΙΟΥ,ΠΡΩΤ. ΔΗΜΟΥ
84600,ΜΥΚΟΝΟΣ,ΜΥΚΟΝΟΥ,ΚΥΚΛΑΔΩΝ,ΝΟΤΙΟΥ ΑΙΓΑΙΟΥ,ΠΡΩΤ. ΔΗΜΟΥ
84600,ΜΥΚΟΝΟΣ,ΜΥΚΟΝΟΥ,ΚΥΚΛΑΔΩΝ,ΝΟΤΙΟΥ ΑΙΓΑΙΟΥ,ΠΡΩΤ. ΔΗΜΟΥ
84700,ΘΗΡΑ,ΘΗΡΑΣ,ΚΥΚΛΑΔΩΝ,ΝΟΤΙΟΥ ΑΙΓΑΙΟΥ,ΠΡΩΤ. ΔΗΜΟΥ
84700,ΘΗΡΑ,ΘΗΡΑΣ,ΚΥΚΛΑΔΩΝ,ΝΟΤΙΟΥ ΑΙΓΑΙΟΥ,ΠΡΩΤ. ΔΗΜΟΥ
84700,ΘΗΡΑ,ΘΗΡΑΣ,ΚΥΚΛΑΔΩΝ,ΝΟΤΙΟΥ ΑΙΓΑΙΟΥ,ΠΡΩΤ. ΔΗΜΟΥ
84700,ΘΗΡΑ,ΘΗΡΑΣ,ΚΥΚΛΑΔΩΝ,ΝΟΤΙΟΥ ΑΙΓΑΙΟΥ,ΠΡΩΤ. ΔΗΜΟΥ
84702,ΟΙΑ,ΟΙΑΣ,ΚΥΚΛΑΔΩΝ,ΝΟΤΙΟΥ ΑΙΓΑΙΟΥ,ΠΡΩΤ. ΚΟΙΝΟΤΗΤΑΣ
84702,ΟΙΑ,ΟΙΑΣ,ΚΥΚΛΑΔΩΝ,ΝΟΤΙΟΥ ΑΙΓΑΙΟΥ,ΠΡΩΤ. ΚΟΙΝΟΤΗΤΑΣ
84703,ΕΜΠΟΡΕΙΟ,ΘΗΡΑΣ,ΚΥΚΛΑΔΩΝ,ΝΟΤΙΟΥ ΑΙΓΑΙΟΥ,ΠΡΩΤ. ΔΗΜ. ΔΙΑΜΕΡ.
84703,ΕΜΠΟΡΕΙΟ,ΘΗΡΑΣ,ΚΥΚΛΑΔΩΝ,ΝΟΤΙΟΥ ΑΙΓΑΙΟΥ,ΠΡΩΤ. ΔΗΜ. ΔΙΑΜΕΡ.
84703,ΕΜΠΟΡΕΙΟ,ΘΗΡΑΣ,ΚΥΚΛΑΔΩΝ,ΝΟΤΙΟΥ ΑΙΓΑΙΟΥ,ΠΡΩΤ. ΔΗΜ. ΔΙΑΜΕΡ.
84703,ΕΜΠΟΡΕΙΟ,ΘΗΡΑΣ,ΚΥΚΛΑΔΩΝ,ΝΟΤΙΟΥ ΑΙΓΑΙΟΥ,ΠΡΩΤ. ΔΗΜ. ΔΙΑΜΕΡ.
84800,ΜΗΛΟΣ,ΜΗΛΟΥ,ΚΥΚΛΑΔΩΝ,ΝΟΤΙΟΥ ΑΙΓΑΙΟΥ,ΠΡΩΤ. ΔΗΜΟΥ
84800,ΜΗΛΟΣ,ΜΗΛΟΥ,ΚΥΚΛΑΔΩΝ,ΝΟΤΙΟΥ ΑΙΓΑΙΟΥ,ΠΡΩΤ. ΔΗΜΟΥ
84800,ΜΗΛΟΣ,ΜΗΛΟΥ,ΚΥΚΛΑΔΩΝ,ΝΟΤΙΟΥ ΑΙΓΑΙΟΥ,ΠΡΩΤ. ΔΗΜΟΥ
84800,ΜΗΛΟΣ,ΜΗΛΟΥ,ΚΥΚΛΑΔΩΝ,ΝΟΤΙΟΥ ΑΙΓΑΙΟΥ,ΠΡΩΤ. ΔΗΜΟΥ
84800,ΜΗΛΟΣ,ΜΗΛΟΥ,ΚΥΚΛΑΔΩΝ,ΝΟΤΙΟΥ ΑΙΓΑΙΟΥ,ΠΡΩΤ. ΔΗΜΟΥ
84800,ΜΗΛΟΣ,ΜΗΛΟΥ,ΚΥΚΛΑΔΩΝ,ΝΟΤΙΟΥ ΑΙΓΑΙΟΥ,ΠΡΩΤ. ΔΗΜΟΥ
85001,ΛΕΙΨΟΙ,ΛΕΙΨΩΝ,ΔΩΔΕΚΑΝΗΣΟΥ,ΝΟΤΙΟΥ ΑΙΓΑΙΟΥ,ΠΡΩΤ. ΔΗΜΟΥ
85001,ΛΕΙΨΟΙ,ΛΕΙΨΩΝ,ΔΩΔΕΚΑΝΗΣΟΥ,ΝΟΤΙΟΥ ΑΙΓΑΙΟΥ,ΠΡΩΤ. ΔΗΜΟΥ
85001,ΛΕΙΨΟΙ,ΛΕΙΨΩΝ,ΔΩΔΕΚΑΝΗΣΟΥ,ΝΟΤΙΟΥ ΑΙΓΑΙΟΥ,ΠΡΩΤ. ΔΗΜΟΥ
85001,ΛΕΙΨΟΙ,ΛΕΙΨΩΝ,ΔΩΔΕΚΑΝΗΣΟΥ,ΝΟΤΙΟΥ ΑΙΓΑΙΟΥ,ΠΡΩΤ. ΔΗΜΟΥ
85001,ΛΕΙΨΟΙ,ΛΕΙΨΩΝ,ΔΩΔΕΚΑΝΗΣΟΥ,ΝΟΤΙΟΥ ΑΙΓΑΙΟΥ,ΠΡΩΤ. ΔΗΜΟΥ
85001,ΛΕΙΨΟΙ,ΛΕΙΨΩΝ,ΔΩΔΕΚΑΝΗΣΟΥ,ΝΟΤΙΟΥ ΑΙΓΑΙΟΥ,ΠΡΩΤ. ΔΗΜΟΥ
85001,ΛΕΙΨΟΙ,ΛΕΙΨΩΝ,ΔΩΔΕΚΑΝΗΣΟΥ,ΝΟΤΙΟΥ ΑΙΓΑΙΟΥ,ΠΡΩΤ. ΔΗΜΟΥ
85001,ΛΕΙΨΟΙ,ΛΕΙΨΩΝ,ΔΩΔΕΚΑΝΗΣΟΥ,ΝΟΤΙΟΥ ΑΙΓΑΙΟΥ,ΠΡΩΤ. ΔΗΜΟΥ
85001,ΛΕΙΨΟΙ,ΛΕΙΨΩΝ,ΔΩΔΕΚΑΝΗΣΟΥ,ΝΟΤΙΟΥ ΑΙΓΑΙΟΥ,ΠΡΩΤ. ΔΗΜΟΥ
85002,ΜΕΓΑΛΟ ΧΩΡΙΟ,ΤΗΛΟΥ,ΔΩΔΕΚΑΝΗΣΟΥ,ΝΟΤΙΟΥ ΑΙΓΑΙΟΥ,ΠΡΩΤ. ΔΗΜΟΥ
85002,ΜΕΓΑΛΟ ΧΩΡΙΟ,ΤΗΛΟΥ,ΔΩΔΕΚΑΝΗΣΟΥ,ΝΟΤΙΟΥ ΑΙΓΑΙΟΥ,ΠΡΩΤ. ΔΗΜΟΥ
85002,ΜΕΓΑΛΟ ΧΩΡΙΟ,ΤΗΛΟΥ,ΔΩΔΕΚΑΝΗΣΟΥ,ΝΟΤΙΟΥ ΑΙΓΑΙΟΥ,ΠΡΩΤ. ΔΗΜΟΥ
85002,ΜΕΓΑΛΟ ΧΩΡΙΟ,ΤΗΛΟΥ,ΔΩΔΕΚΑΝΗΣΟΥ,ΝΟΤΙΟΥ ΑΙΓΑΙΟΥ,ΠΡΩΤ. ΔΗΜΟΥ
85003,ΜΕΓΑΛΟ ΧΩΡΙΟ,ΑΓΑΘΟΝΗΣΙΟΥ,ΔΩΔΕΚΑΝΗΣΟΥ,ΝΟΤΙΟΥ ΑΙΓΑΙΟΥ,ΠΡΩΤ. ΔΗΜΟΥ
85003,ΜΕΓΑΛΟ ΧΩΡΙΟ,ΑΓΑΘΟΝΗΣΙΟΥ,ΔΩΔΕΚΑΝΗΣΟΥ,ΝΟΤΙΟΥ ΑΙΓΑΙΟΥ,ΠΡΩΤ. ΔΗΜΟΥ
85003,ΜΕΓΑΛΟ ΧΩΡΙΟ,ΑΓΑΘΟΝΗΣΙΟΥ,ΔΩΔΕΚΑΝΗΣΟΥ,ΝΟΤΙΟΥ ΑΙΓΑΙΟΥ,ΠΡΩΤ. ΔΗΜΟΥ
85003,ΜΕΓΑΛΟ ΧΩΡΙΟ,ΑΓΑΘΟΝΗΣΙΟΥ,ΔΩΔΕΚΑΝΗΣΟΥ,ΝΟΤΙΟΥ ΑΙΓΑΙΟΥ,ΠΡΩΤ. ΔΗΜΟΥ
85003,ΜΕΓΑΛΟ ΧΩΡΙΟ,ΑΓΑΘΟΝΗΣΙΟΥ,ΔΩΔΕΚΑΝΗΣΟΥ,ΝΟΤΙΟΥ ΑΙΓΑΙΟΥ,ΠΡΩΤ. ΔΗΜΟΥ
85101,ΙΑΛΥΣΟΣ,ΙΑΛΥΣΟΥ,ΔΩΔΕΚΑΝΗΣΟΥ,ΝΟΤΙΟΥ ΑΙΓΑΙΟΥ,ΠΡΩΤ. ΔΗΜΟΥ
85101,ΙΑΛΥΣΟΣ,ΙΑΛΥΣΟΥ,ΔΩΔΕΚΑΝΗΣΟΥ,ΝΟΤΙΟΥ ΑΙΓΑΙΟΥ,ΠΡΩΤ. ΔΗΜΟΥ
85102,ΑΡΧΑΓΓΕΛΟΣ,ΑΡΧΑΓΓΕΛΟΥ,ΔΩΔΕΚΑΝΗΣΟΥ,ΝΟΤΙΟΥ ΑΙΓΑΙΟΥ,ΠΡΩΤ. ΔΗΜΟΥ
85103,ΑΦΑΝΤΟΥ,ΑΦΑΝΤΟΥ,ΔΩΔΕΚΑΝΗΣΟΥ,ΝΟΤΙΟΥ ΑΙΓΑΙΟΥ,ΠΡΩΤ. ΔΗΜΟΥ
85104,ΚΡΕΜΑΣΤΗ,ΠΕΤΑΛΟΥΔΩΝ,ΔΩΔΕΚΑΝΗΣΟΥ,ΝΟΤΙΟΥ ΑΙΓΑΙΟΥ,ΠΡΩΤ. ΔΗΜΟΥ
85105,ΚΑΛΥΘΙΕΣ,ΚΑΛΛΙΘΕΑΣ,ΔΩΔΕΚΑΝΗΣΟΥ,ΝΟΤΙΟΥ ΑΙΓΑΙΟΥ,
85107,ΛΙΝΔΟΣ,ΛΙΝΔΙΩΝ,ΔΩΔΕΚΑΝΗΣΟΥ,ΝΟΤΙΟΥ ΑΙΓΑΙΟΥ,ΠΡΩΤ. ΔΗΜΟΥ
85108,ΕΜΠΩΝΑΣ,ΑΤΑΒΥΡΟΥ,ΔΩΔΕΚΑΝΗΣΟΥ,ΝΟΤΙΟΥ ΑΙΓΑΙΟΥ,ΠΡΩΤ. ΔΗΜΟΥ
85108,ΕΜΠΩΝΑΣ,ΑΤΑΒΥΡΟΥ,ΔΩΔΕΚΑΝΗΣΟΥ,ΝΟΤΙΟΥ ΑΙΓΑΙΟΥ,ΠΡΩΤ. ΔΗΜΟΥ
85109,ΓΕΝΝΑΔΙ,ΝΟΤΙΑΣ ΡΟΔΟΥ,ΔΩΔΕΚΑΝΗΣΟΥ,ΝΟΤΙΟΥ ΑΙΓΑΙΟΥ,ΠΡΩΤ. ΔΗΜΟΥ
85109,ΓΕΝΝΑΔΙ,ΝΟΤΙΑΣ ΡΟΔΟΥ,ΔΩΔΕΚΑΝΗΣΟΥ,ΝΟΤΙΟΥ ΑΙΓΑΙΟΥ,ΠΡΩΤ. ΔΗΜΟΥ
85110,ΧΑΛΚΗ,ΧΑΛΚΗΣ,ΔΩΔΕΚΑΝΗΣΟΥ,ΝΟΤΙΟΥ ΑΙΓΑΙΟΥ,ΠΡΩΤ. ΔΗΜΟΥ
85110,ΧΑΛΚΗ,ΧΑΛΚΗΣ,ΔΩΔΕΚΑΝΗΣΟΥ,ΝΟΤΙΟΥ ΑΙΓΑΙΟΥ,ΠΡΩΤ. ΔΗΜΟΥ
85110,ΧΑΛΚΗ,ΧΑΛΚΗΣ,ΔΩΔΕΚΑΝΗΣΟΥ,ΝΟΤΙΟΥ ΑΙΓΑΙΟΥ,ΠΡΩΤ. ΔΗΜΟΥ
85110,ΧΑΛΚΗ,ΧΑΛΚΗΣ,ΔΩΔΕΚΑΝΗΣΟΥ,ΝΟΤΙΟΥ ΑΙΓΑΙΟΥ,ΠΡΩΤ. ΔΗΜΟΥ
85110,ΧΑΛΚΗ,ΧΑΛΚΗΣ,ΔΩΔΕΚΑΝΗΣΟΥ,ΝΟΤΙΟΥ ΑΙΓΑΙΟΥ,ΠΡΩΤ. ΔΗΜΟΥ
85110,ΧΑΛΚΗ,ΧΑΛΚΗΣ,ΔΩΔΕΚΑΝΗΣΟΥ,ΝΟΤΙΟΥ ΑΙΓΑΙΟΥ,ΠΡΩΤ. ΔΗΜΟΥ
85110,ΧΑΛΚΗ,ΧΑΛΚΗΣ,ΔΩΔΕΚΑΝΗΣΟΥ,ΝΟΤΙΟΥ ΑΙΓΑΙΟΥ,ΠΡΩΤ. ΔΗΜΟΥ
85111,ΜΕΓΙΣΤΗ,ΜΕΓΙΣΤΗΣ,ΔΩΔΕΚΑΝΗΣΟΥ,ΝΟΤΙΟΥ ΑΙΓΑΙΟΥ,ΠΡΩΤ. ΔΗΜΟΥ
85111,ΜΕΓΙΣΤΗ,ΜΕΓΙΣΤΗΣ,ΔΩΔΕΚΑΝΗΣΟΥ,ΝΟΤΙΟΥ ΑΙΓΑΙΟΥ,ΠΡΩΤ. ΔΗΜΟΥ
85111,ΜΕΓΙΣΤΗ,ΜΕΓΙΣΤΗΣ,ΔΩΔΕΚΑΝΗΣΟΥ,ΝΟΤΙΟΥ ΑΙΓΑΙΟΥ,ΠΡΩΤ. ΔΗΜΟΥ
85111,ΜΕΓΙΣΤΗ,ΜΕΓΙΣΤΗΣ,ΔΩΔΕΚΑΝΗΣΟΥ,ΝΟΤΙΟΥ ΑΙΓΑΙΟΥ,ΠΡΩΤ. ΔΗΜΟΥ
85111,ΜΕΓΙΣΤΗ,ΜΕΓΙΣΤΗΣ,ΔΩΔΕΚΑΝΗΣΟΥ,ΝΟΤΙΟΥ ΑΙΓΑΙΟΥ,ΠΡΩΤ. ΔΗΜΟΥ
85111,ΜΕΓΙΣΤΗ,ΜΕΓΙΣΤΗΣ,ΔΩΔΕΚΑΝΗΣΟΥ,ΝΟΤΙΟΥ ΑΙΓΑΙΟΥ,ΠΡΩΤ. ΔΗΜΟΥ
85111,ΜΕΓΙΣΤΗ,ΜΕΓΙΣΤΗΣ,ΔΩΔΕΚΑΝΗΣΟΥ,ΝΟΤΙΟΥ ΑΙΓΑΙΟΥ,ΠΡΩΤ. ΔΗΜΟΥ
85111,ΜΕΓΙΣΤΗ,ΜΕΓΙΣΤΗΣ,ΔΩΔΕΚΑΝΗΣΟΥ,ΝΟΤΙΟΥ ΑΙΓΑΙΟΥ,ΠΡΩΤ. ΔΗΜΟΥ
85111,ΜΕΓΙΣΤΗ,ΜΕΓΙΣΤΗΣ,ΔΩΔΕΚΑΝΗΣΟΥ,ΝΟΤΙΟΥ ΑΙΓΑΙΟΥ,ΠΡΩΤ. ΔΗΜΟΥ
85111,ΜΕΓΙΣΤΗ,ΜΕΓΙΣΤΗΣ,ΔΩΔΕΚΑΝΗΣΟΥ,ΝΟΤΙΟΥ ΑΙΓΑΙΟΥ,ΠΡΩΤ. ΔΗΜΟΥ
85111,ΜΕΓΙΣΤΗ,ΜΕΓΙΣΤΗΣ,ΔΩΔΕΚΑΝΗΣΟΥ,ΝΟΤΙΟΥ ΑΙΓΑΙΟΥ,ΠΡΩΤ. ΔΗΜΟΥ
85131,ΡΟΔΟΣ,ΚΑΛΛΙΘΕΑΣ,ΔΩΔΕΚΑΝΗΣΟΥ,ΝΟΤΙΟΥ ΑΙΓΑΙΟΥ,ΠΡΩΤ. ΝΟΜΟΥ
85132,ΡΟΔΟΣ,ΚΑΛΛΙΘΕΑΣ,ΔΩΔΕΚΑΝΗΣΟΥ,ΝΟΤΙΟΥ ΑΙΓΑΙΟΥ,ΠΡΩΤ. ΝΟΜΟΥ
85133,ΡΟΔΟΣ,ΚΑΛΛΙΘΕΑΣ,ΔΩΔΕΚΑΝΗΣΟΥ,ΝΟΤΙΟΥ ΑΙΓΑΙΟΥ,ΠΡΩΤ. ΝΟΜΟΥ
85150,ΚΟΣΚΙΝΟΥ,ΚΑΛΛΙΘΕΑΣ,ΔΩΔΕΚΑΝΗΣΟΥ,ΝΟΤΙΟΥ ΑΙΓΑΙΟΥ,ΠΡΩΤ. ΔΗΜ. ΔΙΑΜΕΡ.
85200,ΚΑΛΥΜΝΟΣ,ΚΑΛΥΜΝΙΩΝ,ΔΩΔΕΚΑΝΗΣΟΥ,ΝΟΤΙΟΥ ΑΙΓΑΙΟΥ,ΠΡΩΤ. ΔΗΜΟΥ
85200,ΚΑΛΥΜΝΟΣ,ΚΑΛΥΜΝΙΩΝ,ΔΩΔΕΚΑΝΗΣΟΥ,ΝΟΤΙΟΥ ΑΙΓΑΙΟΥ,ΠΡΩΤ. ΔΗΜΟΥ
85200,ΚΑΛΥΜΝΟΣ,ΚΑΛΥΜΝΙΩΝ,ΔΩΔΕΚΑΝΗΣΟΥ,ΝΟΤΙΟΥ ΑΙΓΑΙΟΥ,ΠΡΩΤ. ΔΗΜΟΥ
85200,ΚΑΛΥΜΝΟΣ,ΚΑΛΥΜΝΙΩΝ,ΔΩΔΕΚΑΝΗΣΟΥ,ΝΟΤΙΟΥ ΑΙΓΑΙΟΥ,ΠΡΩΤ. ΔΗΜΟΥ
85200,ΚΑΛΥΜΝΟΣ,ΚΑΛΥΜΝΙΩΝ,ΔΩΔΕΚΑΝΗΣΟΥ,ΝΟΤΙΟΥ ΑΙΓΑΙΟΥ,ΠΡΩΤ. ΔΗΜΟΥ
85200,ΚΑΛΥΜΝΟΣ,ΚΑΛΥΜΝΙΩΝ,ΔΩΔΕΚΑΝΗΣΟΥ,ΝΟΤΙΟΥ ΑΙΓΑΙΟΥ,ΠΡΩΤ. ΔΗΜΟΥ
85200,ΚΑΛΥΜΝΟΣ,ΚΑΛΥΜΝΙΩΝ,ΔΩΔΕΚΑΝΗΣΟΥ,ΝΟΤΙΟΥ ΑΙΓΑΙΟΥ,ΠΡΩΤ. ΔΗΜΟΥ
85200,ΚΑΛΥΜΝΟΣ,ΚΑΛΥΜΝΙΩΝ,ΔΩΔΕΚΑΝΗΣΟΥ,ΝΟΤΙΟΥ ΑΙΓΑΙΟΥ,ΠΡΩΤ. ΔΗΜΟΥ
85200,ΚΑΛΥΜΝΟΣ,ΚΑΛΥΜΝΙΩΝ,ΔΩΔΕΚΑΝΗΣΟΥ,ΝΟΤΙΟΥ ΑΙΓΑΙΟΥ,ΠΡΩΤ. ΔΗΜΟΥ
85200,ΚΑΛΥΜΝΟΣ,ΚΑΛΥΜΝΙΩΝ,ΔΩΔΕΚΑΝΗΣΟΥ,ΝΟΤΙΟΥ ΑΙΓΑΙΟΥ,ΠΡΩΤ. ΔΗΜΟΥ
85300,ΚΩΣ,ΚΩ,ΔΩΔΕΚΑΝΗΣΟΥ,ΝΟΤΙΟΥ ΑΙΓΑΙΟΥ,ΠΡΩΤ. ΔΗΜΟΥ
85301,ΚΕΦΑΛΟΣ,ΗΡΑΚΛΕΙΔΩΝ,ΔΩΔΕΚΑΝΗΣΟΥ,ΝΟΤΙΟΥ ΑΙΓΑΙΟΥ,ΠΡΩΤ. ΔΗΜ. ΔΙΑΜΕΡ.
85302,ΑΝΤΙΜΑΧΕΙΑ,ΗΡΑΚΛΕΙΔΩΝ,ΔΩΔΕΚΑΝΗΣΟΥ,ΝΟΤΙΟΥ ΑΙΓΑΙΟΥ,ΠΡΩΤ. ΔΗΜΟΥ
85303,ΜΑΝΔΡΑΚΙ,ΝΙΣΥΡΟΥ,ΔΩΔΕΚΑΝΗΣΟΥ,ΝΟΤΙΟΥ ΑΙΓΑΙΟΥ,ΠΡΩΤ. ΔΗΜΟΥ
85303,ΜΑΝΔΡΑΚΙ,ΝΙΣΥΡΟΥ,ΔΩΔΕΚΑΝΗΣΟΥ,ΝΟΤΙΟΥ ΑΙΓΑΙΟΥ,ΠΡΩΤ. ΔΗΜΟΥ
85303,ΜΑΝΔΡΑΚΙ,ΝΙΣΥΡΟΥ,ΔΩΔΕΚΑΝΗΣΟΥ,ΝΟΤΙΟΥ ΑΙΓΑΙΟΥ,ΠΡΩΤ. ΔΗΜΟΥ
85303,ΜΑΝΔΡΑΚΙ,ΝΙΣΥΡΟΥ,ΔΩΔΕΚΑΝΗΣΟΥ,ΝΟΤΙΟΥ ΑΙΓΑΙΟΥ,ΠΡΩΤ. ΔΗΜΟΥ
85303,ΜΑΝΔΡΑΚΙ,ΝΙΣΥΡΟΥ,ΔΩΔΕΚΑΝΗΣΟΥ,ΝΟΤΙΟΥ ΑΙΓΑΙΟΥ,ΠΡΩΤ. ΔΗΜΟΥ
85303,ΜΑΝΔΡΑΚΙ,ΝΙΣΥΡΟΥ,ΔΩΔΕΚΑΝΗΣΟΥ,ΝΟΤΙΟΥ ΑΙΓΑΙΟΥ,ΠΡΩΤ. ΔΗΜΟΥ
85303,ΜΑΝΔΡΑΚΙ,ΝΙΣΥΡΟΥ,ΔΩΔΕΚΑΝΗΣΟΥ,ΝΟΤΙΟΥ ΑΙΓΑΙΟΥ,ΠΡΩΤ. ΔΗΜΟΥ
85304,ΚΑΡΔΑΜΑΙΝΑ,ΗΡΑΚΛΕΙΔΩΝ,ΔΩΔΕΚΑΝΗΣΟΥ,ΝΟΤΙΟΥ ΑΙΓΑΙΟΥ,ΠΡΩΤ. ΔΗΜ. ΔΙΑΜΕΡ.
85400,ΑΓΙΑ ΜΑΡΙΝΑ,ΛΕΡΟΥ,ΔΩΔΕΚΑΝΗΣΟΥ,ΝΟΤΙΟΥ ΑΙΓΑΙΟΥ,ΠΡΩΤ. ΔΗΜΟΥ
85400,ΑΓΙΑ ΜΑΡΙΝΑ,ΛΕΡΟΥ,ΔΩΔΕΚΑΝΗΣΟΥ,ΝΟΤΙΟΥ ΑΙΓΑΙΟΥ,ΠΡΩΤ. ΔΗΜΟΥ
85400,ΑΓΙΑ ΜΑΡΙΝΑ,ΛΕΡΟΥ,ΔΩΔΕΚΑΝΗΣΟΥ,ΝΟΤΙΟΥ ΑΙΓΑΙΟΥ,ΠΡΩΤ. ΔΗΜΟΥ
85400,ΑΓΙΑ ΜΑΡΙΝΑ,ΛΕΡΟΥ,ΔΩΔΕΚΑΝΗΣΟΥ,ΝΟΤΙΟΥ ΑΙΓΑΙΟΥ,ΠΡΩΤ. ΔΗΜΟΥ
85400,ΑΓΙΑ ΜΑΡΙΝΑ,ΛΕΡΟΥ,ΔΩΔΕΚΑΝΗΣΟΥ,ΝΟΤΙΟΥ ΑΙΓΑΙΟΥ,ΠΡΩΤ. ΔΗΜΟΥ
85400,ΑΓΙΑ ΜΑΡΙΝΑ,ΛΕΡΟΥ,ΔΩΔΕΚΑΝΗΣΟΥ,ΝΟΤΙΟΥ ΑΙΓΑΙΟΥ,ΠΡΩΤ. ΔΗΜΟΥ
85400,ΑΓΙΑ ΜΑΡΙΝΑ,ΛΕΡΟΥ,ΔΩΔΕΚΑΝΗΣΟΥ,ΝΟΤΙΟΥ ΑΙΓΑΙΟΥ,ΠΡΩΤ. ΔΗΜΟΥ
85400,ΑΓΙΑ ΜΑΡΙΝΑ,ΛΕΡΟΥ,ΔΩΔΕΚΑΝΗΣΟΥ,ΝΟΤΙΟΥ ΑΙΓΑΙΟΥ,ΠΡΩΤ. ΔΗΜΟΥ
85400,ΑΓΙΑ ΜΑΡΙΝΑ,ΛΕΡΟΥ,ΔΩΔΕΚΑΝΗΣΟΥ,ΝΟΤΙΟΥ ΑΙΓΑΙΟΥ,ΠΡΩΤ. ΔΗΜΟΥ
85400,ΑΓΙΑ ΜΑΡΙΝΑ,ΛΕΡΟΥ,ΔΩΔΕΚΑΝΗΣΟΥ,ΝΟΤΙΟΥ ΑΙΓΑΙΟΥ,ΠΡΩΤ. ΔΗΜΟΥ
85400,ΑΓΙΑ ΜΑΡΙΝΑ,ΛΕΡΟΥ,ΔΩΔΕΚΑΝΗΣΟΥ,ΝΟΤΙΟΥ ΑΙΓΑΙΟΥ,ΠΡΩΤ. ΔΗΜΟΥ
85400,ΑΓΙΑ ΜΑΡΙΝΑ,ΛΕΡΟΥ,ΔΩΔΕΚΑΝΗΣΟΥ,ΝΟΤΙΟΥ ΑΙΓΑΙΟΥ,ΠΡΩΤ. ΔΗΜΟΥ
85400,ΑΓΙΑ ΜΑΡΙΝΑ,ΛΕΡΟΥ,ΔΩΔΕΚΑΝΗΣΟΥ,ΝΟΤΙΟΥ ΑΙΓΑΙΟΥ,ΠΡΩΤ. ΔΗΜΟΥ
85401,ΛΑΚΚΙ,ΛΕΡΟΥ,ΔΩΔΕΚΑΝΗΣΟΥ,ΝΟΤΙΟΥ ΑΙΓΑΙΟΥ,
85500,ΣΚΑΛΑ,ΠΑΤΜΟΥ,ΔΩΔΕΚΑΝΗΣΟΥ,ΝΟΤΙΟΥ ΑΙΓΑΙΟΥ,
85500,ΣΚΑΛΑ,ΠΑΤΜΟΥ,ΔΩΔΕΚΑΝΗΣΟΥ,ΝΟΤΙΟΥ ΑΙΓΑΙΟΥ,
85500,ΣΚΑΛΑ,ΠΑΤΜΟΥ,ΔΩΔΕΚΑΝΗΣΟΥ,ΝΟΤΙΟΥ ΑΙΓΑΙΟΥ,
85500,ΣΚΑΛΑ,ΠΑΤΜΟΥ,ΔΩΔΕΚΑΝΗΣΟΥ,ΝΟΤΙΟΥ ΑΙΓΑΙΟΥ,
85500,ΣΚΑΛΑ,ΠΑΤΜΟΥ,ΔΩΔΕΚΑΝΗΣΟΥ,ΝΟΤΙΟΥ ΑΙΓΑΙΟΥ,
85600,ΣΥΜΗ,ΣΥΜΗΣ,ΔΩΔΕΚΑΝΗΣΟΥ,ΝΟΤΙΟΥ ΑΙΓΑΙΟΥ,ΠΡΩΤ. ΔΗΜΟΥ
85600,ΣΥΜΗ,ΣΥΜΗΣ,ΔΩΔΕΚΑΝΗΣΟΥ,ΝΟΤΙΟΥ ΑΙΓΑΙΟΥ,ΠΡΩΤ. ΔΗΜΟΥ
85600,ΣΥΜΗ,ΣΥΜΗΣ,ΔΩΔΕΚΑΝΗΣΟΥ,ΝΟΤΙΟΥ ΑΙΓΑΙΟΥ,ΠΡΩΤ. ΔΗΜΟΥ
85600,ΣΥΜΗ,ΣΥΜΗΣ,ΔΩΔΕΚΑΝΗΣΟΥ,ΝΟΤΙΟΥ ΑΙΓΑΙΟΥ,ΠΡΩΤ. ΔΗΜΟΥ
85600,ΣΥΜΗ,ΣΥΜΗΣ,ΔΩΔΕΚΑΝΗΣΟΥ,ΝΟΤΙΟΥ ΑΙΓΑΙΟΥ,ΠΡΩΤ. ΔΗΜΟΥ
85600,ΣΥΜΗ,ΣΥΜΗΣ,ΔΩΔΕΚΑΝΗΣΟΥ,ΝΟΤΙΟΥ ΑΙΓΑΙΟΥ,ΠΡΩΤ. ΔΗΜΟΥ
85600,ΣΥΜΗ,ΣΥΜΗΣ,ΔΩΔΕΚΑΝΗΣΟΥ,ΝΟΤΙΟΥ ΑΙΓΑΙΟΥ,ΠΡΩΤ. ΔΗΜΟΥ
85600,ΣΥΜΗ,ΣΥΜΗΣ,ΔΩΔΕΚΑΝΗΣΟΥ,ΝΟΤΙΟΥ ΑΙΓΑΙΟΥ,ΠΡΩΤ. ΔΗΜΟΥ
85700,ΚΑΡΠΑΘΟΣ,ΚΑΡΠΑΘΟΥ,ΔΩΔΕΚΑΝΗΣΟΥ,ΝΟΤΙΟΥ ΑΙΓΑΙΟΥ,ΠΡΩΤ. ΔΗΜΟΥ
85700,ΚΑΡΠΑΘΟΣ,ΚΑΡΠΑΘΟΥ,ΔΩΔΕΚΑΝΗΣΟΥ,ΝΟΤΙΟΥ ΑΙΓΑΙΟΥ,ΠΡΩΤ. ΔΗΜΟΥ
85700,ΚΑΡΠΑΘΟΣ,ΚΑΡΠΑΘΟΥ,ΔΩΔΕΚΑΝΗΣΟΥ,ΝΟΤΙΟΥ ΑΙΓΑΙΟΥ,ΠΡΩΤ. ΔΗΜΟΥ
85700,ΚΑΡΠΑΘΟΣ,ΚΑΡΠΑΘΟΥ,ΔΩΔΕΚΑΝΗΣΟΥ,ΝΟΤΙΟΥ ΑΙΓΑΙΟΥ,ΠΡΩΤ. ΔΗΜΟΥ
85700,ΚΑΡΠΑΘΟΣ,ΚΑΡΠΑΘΟΥ,ΔΩΔΕΚΑΝΗΣΟΥ,ΝΟΤΙΟΥ ΑΙΓΑΙΟΥ,ΠΡΩΤ. ΔΗΜΟΥ
85700,ΚΑΡΠΑΘΟΣ,ΚΑΡΠΑΘΟΥ,ΔΩΔΕΚΑΝΗΣΟΥ,ΝΟΤΙΟΥ ΑΙΓΑΙΟΥ,ΠΡΩΤ. ΔΗΜΟΥ
85700,ΚΑΡΠΑΘΟΣ,ΚΑΡΠΑΘΟΥ,ΔΩΔΕΚΑΝΗΣΟΥ,ΝΟΤΙΟΥ ΑΙΓΑΙΟΥ,ΠΡΩΤ. ΔΗΜΟΥ
85800,ΦΡΥ,ΚΑΣΟΥ,ΔΩΔΕΚΑΝΗΣΟΥ,ΝΟΤΙΟΥ ΑΙΓΑΙΟΥ,ΠΡΩΤ. ΔΗΜΟΥ
85800,ΦΡΥ,ΚΑΣΟΥ,ΔΩΔΕΚΑΝΗΣΟΥ,ΝΟΤΙΟΥ ΑΙΓΑΙΟΥ,ΠΡΩΤ. ΔΗΜΟΥ
85800,ΦΡΥ,ΚΑΣΟΥ,ΔΩΔΕΚΑΝΗΣΟΥ,ΝΟΤΙΟΥ ΑΙΓΑΙΟΥ,ΠΡΩΤ. ΔΗΜΟΥ
85900,ΑΣΤΥΠΑΛΑΙΑ,ΑΣΤΥΠΑΛΑΙΑΣ,ΔΩΔΕΚΑΝΗΣΟΥ,ΝΟΤΙΟΥ ΑΙΓΑΙΟΥ,ΠΡΩΤ. ΔΗΜΟΥ
85900,ΑΣΤΥΠΑΛΑΙΑ,ΑΣΤΥΠΑΛΑΙΑΣ,ΔΩΔΕΚΑΝΗΣΟΥ,ΝΟΤΙΟΥ ΑΙΓΑΙΟΥ,ΠΡΩΤ. ΔΗΜΟΥ
85900,ΑΣΤΥΠΑΛΑΙΑ,ΑΣΤΥΠΑΛΑΙΑΣ,ΔΩΔΕΚΑΝΗΣΟΥ,ΝΟΤΙΟΥ ΑΙΓΑΙΟΥ,ΠΡΩΤ. ΔΗΜΟΥ
85900,ΑΣΤΥΠΑΛΑΙΑ,ΑΣΤΥΠΑΛΑΙΑΣ,ΔΩΔΕΚΑΝΗΣΟΥ,ΝΟΤΙΟΥ ΑΙΓΑΙΟΥ,ΠΡΩΤ. ΔΗΜΟΥ
85900,ΑΣΤΥΠΑΛΑΙΑ,ΑΣΤΥΠΑΛΑΙΑΣ,ΔΩΔΕΚΑΝΗΣΟΥ,ΝΟΤΙΟΥ ΑΙΓΑΙΟΥ,ΠΡΩΤ. ΔΗΜΟΥ
85900,ΑΣΤΥΠΑΛΑΙΑ,ΑΣΤΥΠΑΛΑΙΑΣ,ΔΩΔΕΚΑΝΗΣΟΥ,ΝΟΤΙΟΥ ΑΙΓΑΙΟΥ,ΠΡΩΤ. ΔΗΜΟΥ
85900,ΑΣΤΥΠΑΛΑΙΑ,ΑΣΤΥΠΑΛΑΙΑΣ,ΔΩΔΕΚΑΝΗΣΟΥ,ΝΟΤΙΟΥ ΑΙΓΑΙΟΥ,ΠΡΩΤ. ΔΗΜΟΥ
85900,ΑΣΤΥΠΑΛΑΙΑ,ΑΣΤΥΠΑΛΑΙΑΣ,ΔΩΔΕΚΑΝΗΣΟΥ,ΝΟΤΙΟΥ ΑΙΓΑΙΟΥ,ΠΡΩΤ. ΔΗΜΟΥ
85900,ΑΣΤΥΠΑΛΑΙΑ,ΑΣΤΥΠΑΛΑΙΑΣ,ΔΩΔΕΚΑΝΗΣΟΥ,ΝΟΤΙΟΥ ΑΙΓΑΙΟΥ,ΠΡΩΤ. ΔΗΜΟΥ
85900,ΑΣΤΥΠΑΛΑΙΑ,ΑΣΤΥΠΑΛΑΙΑΣ,ΔΩΔΕΚΑΝΗΣΟΥ,ΝΟΤΙΟΥ ΑΙΓΑΙΟΥ,ΠΡΩΤ. ΔΗΜΟΥ
85900,ΑΣΤΥΠΑΛΑΙΑ,ΑΣΤΥΠΑΛΑΙΑΣ,ΔΩΔΕΚΑΝΗΣΟΥ,ΝΟΤΙΟΥ ΑΙΓΑΙΟΥ,ΠΡΩΤ. ΔΗΜΟΥ
85900,ΑΣΤΥΠΑΛΑΙΑ,ΑΣΤΥΠΑΛΑΙΑΣ,ΔΩΔΕΚΑΝΗΣΟΥ,ΝΟΤΙΟΥ ΑΙΓΑΙΟΥ,ΠΡΩΤ. ΔΗΜΟΥ
85900,ΑΣΤΥΠΑΛΑΙΑ,ΑΣΤΥΠΑΛΑΙΑΣ,ΔΩΔΕΚΑΝΗΣΟΥ,ΝΟΤΙΟΥ ΑΙΓΑΙΟΥ,ΠΡΩΤ. ΔΗΜΟΥ
85900,ΑΣΤΥΠΑΛΑΙΑ,ΑΣΤΥΠΑΛΑΙΑΣ,ΔΩΔΕΚΑΝΗΣΟΥ,ΝΟΤΙΟΥ ΑΙΓΑΙΟΥ,ΠΡΩΤ. ΔΗΜΟΥ
85900,ΑΣΤΥΠΑΛΑΙΑ,ΑΣΤΥΠΑΛΑΙΑΣ,ΔΩΔΕΚΑΝΗΣΟΥ,ΝΟΤΙΟΥ ΑΙΓΑΙΟΥ,ΠΡΩΤ. ΔΗΜΟΥ
85900,ΑΣΤΥΠΑΛΑΙΑ,ΑΣΤΥΠΑΛΑΙΑΣ,ΔΩΔΕΚΑΝΗΣΟΥ,ΝΟΤΙΟΥ ΑΙΓΑΙΟΥ,ΠΡΩΤ. ΔΗΜΟΥ
85900,ΑΣΤΥΠΑΛΑΙΑ,ΑΣΤΥΠΑΛΑΙΑΣ,ΔΩΔΕΚΑΝΗΣΟΥ,ΝΟΤΙΟΥ ΑΙΓΑΙΟΥ,ΠΡΩΤ. ΔΗΜΟΥ
